"Question","Answer","Mode"
"What is the CGPA calculation?","CGPA is calculated by dividing total grade points by total credits.","Academic"
"How does CGPA calculation work at LPU?","CGPA is calculated by dividing total grade points by total credits.","Academic"
"Tell me about CGPA calculation.","CGPA is calculated by dividing total grade points by total credits.","Academic"
"I want to know about CGPA calculation.","CGPA is calculated by dividing total grade points by total credits.","Academic"
"What are the details for CGPA calculation?","CGPA is calculated by dividing total grade points by total credits.","Academic"
"Can you explain CGPA calculation?","CGPA is calculated by dividing total grade points by total credits.","Academic"
"Where can I find info on CGPA calculation?","CGPA is calculated by dividing total grade points by total credits.","Academic"
"Importance of CGPA calculation?","CGPA is calculated by dividing total grade points by total credits.","Academic"
"Process for CGPA calculation?","CGPA is calculated by dividing total grade points by total credits.","Academic"
"Guidelines for CGPA calculation.","CGPA is calculated by dividing total grade points by total credits.","Academic"
"What is the attendance policy?","75% attendance is mandatory for all students to avoid detention.","Academic"
"How does attendance policy work at LPU?","75% attendance is mandatory for all students to avoid detention.","Academic"
"Tell me about attendance policy.","75% attendance is mandatory for all students to avoid detention.","Academic"
"I want to know about attendance policy.","75% attendance is mandatory for all students to avoid detention.","Academic"
"What are the details for attendance policy?","75% attendance is mandatory for all students to avoid detention.","Academic"
"Can you explain attendance policy?","75% attendance is mandatory for all students to avoid detention.","Academic"
"Where can I find info on attendance policy?","75% attendance is mandatory for all students to avoid detention.","Academic"
"Importance of attendance policy?","75% attendance is mandatory for all students to avoid detention.","Academic"
"Process for attendance policy?","75% attendance is mandatory for all students to avoid detention.","Academic"
"Guidelines for attendance policy.","75% attendance is mandatory for all students to avoid detention.","Academic"
"What is the MTE exams?","Mid-term exams usually hold 20% weightage in the total grade.","Academic"
"How does MTE exams work at LPU?","Mid-term exams usually hold 20% weightage in the total grade.","Academic"
"Tell me about MTE exams.","Mid-term exams usually hold 20% weightage in the total grade.","Academic"
"I want to know about MTE exams.","Mid-term exams usually hold 20% weightage in the total grade.","Academic"
"What are the details for MTE exams?","Mid-term exams usually hold 20% weightage in the total grade.","Academic"
"Can you explain MTE exams?","Mid-term exams usually hold 20% weightage in the total grade.","Academic"
"Where can I find info on MTE exams?","Mid-term exams usually hold 20% weightage in the total grade.","Academic"
"Importance of MTE exams?","Mid-term exams usually hold 20% weightage in the total grade.","Academic"
"Process for MTE exams?","Mid-term exams usually hold 20% weightage in the total grade.","Academic"
"Guidelines for MTE exams.","Mid-term exams usually hold 20% weightage in the total grade.","Academic"
"What is the ETE exams?","End-term exams are comprehensive and usually hold 60% weightage.","Academic"
"How does ETE exams work at LPU?","End-term exams are comprehensive and usually hold 60% weightage.","Academic"
"Tell me about ETE exams.","End-term exams are comprehensive and usually hold 60% weightage.","Academic"
"I want to know about ETE exams.","End-term exams are comprehensive and usually hold 60% weightage.","Academic"
"What are the details for ETE exams?","End-term exams are comprehensive and usually hold 60% weightage.","Academic"
"Can you explain ETE exams?","End-term exams are comprehensive and usually hold 60% weightage.","Academic"
"Where can I find info on ETE exams?","End-term exams are comprehensive and usually hold 60% weightage.","Academic"
"Importance of ETE exams?","End-term exams are comprehensive and usually hold 60% weightage.","Academic"
"Process for ETE exams?","End-term exams are comprehensive and usually hold 60% weightage.","Academic"
"Guidelines for ETE exams.","End-term exams are comprehensive and usually hold 60% weightage.","Academic"
"What is the supplementary exams?","Students can clear backlogs by appearing in supplementary exams.","Academic"
"How does supplementary exams work at LPU?","Students can clear backlogs by appearing in supplementary exams.","Academic"
"Tell me about supplementary exams.","Students can clear backlogs by appearing in supplementary exams.","Academic"
"I want to know about supplementary exams.","Students can clear backlogs by appearing in supplementary exams.","Academic"
"What are the details for supplementary exams?","Students can clear backlogs by appearing in supplementary exams.","Academic"
"Can you explain supplementary exams?","Students can clear backlogs by appearing in supplementary exams.","Academic"
"Where can I find info on supplementary exams?","Students can clear backlogs by appearing in supplementary exams.","Academic"
"Importance of supplementary exams?","Students can clear backlogs by appearing in supplementary exams.","Academic"
"Process for supplementary exams?","Students can clear backlogs by appearing in supplementary exams.","Academic"
"Guidelines for supplementary exams.","Students can clear backlogs by appearing in supplementary exams.","Academic"
"What is the grade cards?","Grade cards can be downloaded from the UMS portal after results.","Academic"
"How does grade cards work at LPU?","Grade cards can be downloaded from the UMS portal after results.","Academic"
"Tell me about grade cards.","Grade cards can be downloaded from the UMS portal after results.","Academic"
"I want to know about grade cards.","Grade cards can be downloaded from the UMS portal after results.","Academic"
"What are the details for grade cards?","Grade cards can be downloaded from the UMS portal after results.","Academic"
"Can you explain grade cards?","Grade cards can be downloaded from the UMS portal after results.","Academic"
"Where can I find info on grade cards?","Grade cards can be downloaded from the UMS portal after results.","Academic"
"Importance of grade cards?","Grade cards can be downloaded from the UMS portal after results.","Academic"
"Process for grade cards?","Grade cards can be downloaded from the UMS portal after results.","Academic"
"Guidelines for grade cards.","Grade cards can be downloaded from the UMS portal after results.","Academic"
"What is the Teacher Guardian?","Every student is assigned a TG for academic and personal guidance.","Academic"
"How does Teacher Guardian work at LPU?","Every student is assigned a TG for academic and personal guidance.","Academic"
"Tell me about Teacher Guardian.","Every student is assigned a TG for academic and personal guidance.","Academic"
"I want to know about Teacher Guardian.","Every student is assigned a TG for academic and personal guidance.","Academic"
"What are the details for Teacher Guardian?","Every student is assigned a TG for academic and personal guidance.","Academic"
"Can you explain Teacher Guardian?","Every student is assigned a TG for academic and personal guidance.","Academic"
"Where can I find info on Teacher Guardian?","Every student is assigned a TG for academic and personal guidance.","Academic"
"Importance of Teacher Guardian?","Every student is assigned a TG for academic and personal guidance.","Academic"
"Process for Teacher Guardian?","Every student is assigned a TG for academic and personal guidance.","Academic"
"Guidelines for Teacher Guardian.","Every student is assigned a TG for academic and personal guidance.","Academic"
"What is the credit system?","LPU follows a Choice Based Credit System (CBCS).","Academic"
"How does credit system work at LPU?","LPU follows a Choice Based Credit System (CBCS).","Academic"
"Tell me about credit system.","LPU follows a Choice Based Credit System (CBCS).","Academic"
"I want to know about credit system.","LPU follows a Choice Based Credit System (CBCS).","Academic"
"What are the details for credit system?","LPU follows a Choice Based Credit System (CBCS).","Academic"
"Can you explain credit system?","LPU follows a Choice Based Credit System (CBCS).","Academic"
"Where can I find info on credit system?","LPU follows a Choice Based Credit System (CBCS).","Academic"
"Importance of credit system?","LPU follows a Choice Based Credit System (CBCS).","Academic"
"Process for credit system?","LPU follows a Choice Based Credit System (CBCS).","Academic"
"Guidelines for credit system.","LPU follows a Choice Based Credit System (CBCS).","Academic"
"What is the minor degrees?","Students can opt for a minor degree in a different specialization.","Academic"
"How does minor degrees work at LPU?","Students can opt for a minor degree in a different specialization.","Academic"
"Tell me about minor degrees.","Students can opt for a minor degree in a different specialization.","Academic"
"I want to know about minor degrees.","Students can opt for a minor degree in a different specialization.","Academic"
"What are the details for minor degrees?","Students can opt for a minor degree in a different specialization.","Academic"
"Can you explain minor degrees?","Students can opt for a minor degree in a different specialization.","Academic"
"Where can I find info on minor degrees?","Students can opt for a minor degree in a different specialization.","Academic"
"Importance of minor degrees?","Students can opt for a minor degree in a different specialization.","Academic"
"Process for minor degrees?","Students can opt for a minor degree in a different specialization.","Academic"
"Guidelines for minor degrees.","Students can opt for a minor degree in a different specialization.","Academic"
"What is the CA components?","Continuous Assessment includes assignments, quizzes, and projects.","Academic"
"How does CA components work at LPU?","Continuous Assessment includes assignments, quizzes, and projects.","Academic"
"Tell me about CA components.","Continuous Assessment includes assignments, quizzes, and projects.","Academic"
"I want to know about CA components.","Continuous Assessment includes assignments, quizzes, and projects.","Academic"
"What are the details for CA components?","Continuous Assessment includes assignments, quizzes, and projects.","Academic"
"Can you explain CA components?","Continuous Assessment includes assignments, quizzes, and projects.","Academic"
"Where can I find info on CA components?","Continuous Assessment includes assignments, quizzes, and projects.","Academic"
"Importance of CA components?","Continuous Assessment includes assignments, quizzes, and projects.","Academic"
"Process for CA components?","Continuous Assessment includes assignments, quizzes, and projects.","Academic"
"Guidelines for CA components.","Continuous Assessment includes assignments, quizzes, and projects.","Academic"
"What is the admission process?","Apply online at lpu.in and appear for LPUNEST for admission.","Admissions and Administration"
"How does admission process work at LPU?","Apply online at lpu.in and appear for LPUNEST for admission.","Admissions and Administration"
"Tell me about admission process.","Apply online at lpu.in and appear for LPUNEST for admission.","Admissions and Administration"
"I want to know about admission process.","Apply online at lpu.in and appear for LPUNEST for admission.","Admissions and Administration"
"What are the details for admission process?","Apply online at lpu.in and appear for LPUNEST for admission.","Admissions and Administration"
"Can you explain admission process?","Apply online at lpu.in and appear for LPUNEST for admission.","Admissions and Administration"
"Where can I find info on admission process?","Apply online at lpu.in and appear for LPUNEST for admission.","Admissions and Administration"
"Importance of admission process?","Apply online at lpu.in and appear for LPUNEST for admission.","Admissions and Administration"
"Process for admission process?","Apply online at lpu.in and appear for LPUNEST for admission.","Admissions and Administration"
"Guidelines for admission process.","Apply online at lpu.in and appear for LPUNEST for admission.","Admissions and Administration"
"What is the LPUNEST?","LPUNEST is LPU's entrance and scholarship test.","Admissions and Administration"
"How does LPUNEST work at LPU?","LPUNEST is LPU's entrance and scholarship test.","Admissions and Administration"
"Tell me about LPUNEST.","LPUNEST is LPU's entrance and scholarship test.","Admissions and Administration"
"I want to know about LPUNEST.","LPUNEST is LPU's entrance and scholarship test.","Admissions and Administration"
"What are the details for LPUNEST?","LPUNEST is LPU's entrance and scholarship test.","Admissions and Administration"
"Can you explain LPUNEST?","LPUNEST is LPU's entrance and scholarship test.","Admissions and Administration"
"Where can I find info on LPUNEST?","LPUNEST is LPU's entrance and scholarship test.","Admissions and Administration"
"Importance of LPUNEST?","LPUNEST is LPU's entrance and scholarship test.","Admissions and Administration"
"Process for LPUNEST?","LPUNEST is LPU's entrance and scholarship test.","Admissions and Administration"
"Guidelines for LPUNEST.","LPUNEST is LPU's entrance and scholarship test.","Admissions and Administration"
"What is the scholarship types?","Scholarships are available based on merit, sports, and social service.","Admissions and Administration"
"How does scholarship types work at LPU?","Scholarships are available based on merit, sports, and social service.","Admissions and Administration"
"Tell me about scholarship types.","Scholarships are available based on merit, sports, and social service.","Admissions and Administration"
"I want to know about scholarship types.","Scholarships are available based on merit, sports, and social service.","Admissions and Administration"
"What are the details for scholarship types?","Scholarships are available based on merit, sports, and social service.","Admissions and Administration"
"Can you explain scholarship types?","Scholarships are available based on merit, sports, and social service.","Admissions and Administration"
"Where can I find info on scholarship types?","Scholarships are available based on merit, sports, and social service.","Admissions and Administration"
"Importance of scholarship types?","Scholarships are available based on merit, sports, and social service.","Admissions and Administration"
"Process for scholarship types?","Scholarships are available based on merit, sports, and social service.","Admissions and Administration"
"Guidelines for scholarship types.","Scholarships are available based on merit, sports, and social service.","Admissions and Administration"
"What is the fee payment?","Fees can be paid online via UMS or at the accounts office.","Admissions and Administration"
"How does fee payment work at LPU?","Fees can be paid online via UMS or at the accounts office.","Admissions and Administration"
"Tell me about fee payment.","Fees can be paid online via UMS or at the accounts office.","Admissions and Administration"
"I want to know about fee payment.","Fees can be paid online via UMS or at the accounts office.","Admissions and Administration"
"What are the details for fee payment?","Fees can be paid online via UMS or at the accounts office.","Admissions and Administration"
"Can you explain fee payment?","Fees can be paid online via UMS or at the accounts office.","Admissions and Administration"
"Where can I find info on fee payment?","Fees can be paid online via UMS or at the accounts office.","Admissions and Administration"
"Importance of fee payment?","Fees can be paid online via UMS or at the accounts office.","Admissions and Administration"
"Process for fee payment?","Fees can be paid online via UMS or at the accounts office.","Admissions and Administration"
"Guidelines for fee payment.","Fees can be paid online via UMS or at the accounts office.","Admissions and Administration"
"What is the hostel booking?","Hostels can be booked during the admission process on a first-come basis.","Admissions and Administration"
"How does hostel booking work at LPU?","Hostels can be booked during the admission process on a first-come basis.","Admissions and Administration"
"Tell me about hostel booking.","Hostels can be booked during the admission process on a first-come basis.","Admissions and Administration"
"I want to know about hostel booking.","Hostels can be booked during the admission process on a first-come basis.","Admissions and Administration"
"What are the details for hostel booking?","Hostels can be booked during the admission process on a first-come basis.","Admissions and Administration"
"Can you explain hostel booking?","Hostels can be booked during the admission process on a first-come basis.","Admissions and Administration"
"Where can I find info on hostel booking?","Hostels can be booked during the admission process on a first-come basis.","Admissions and Administration"
"Importance of hostel booking?","Hostels can be booked during the admission process on a first-come basis.","Admissions and Administration"
"Process for hostel booking?","Hostels can be booked during the admission process on a first-come basis.","Admissions and Administration"
"Guidelines for hostel booking.","Hostels can be booked during the admission process on a first-come basis.","Admissions and Administration"
"What is the mess options?","Students can choose between Standard, North Indian, and South Indian mess.","Admissions and Administration"
"How does mess options work at LPU?","Students can choose between Standard, North Indian, and South Indian mess.","Admissions and Administration"
"Tell me about mess options.","Students can choose between Standard, North Indian, and South Indian mess.","Admissions and Administration"
"I want to know about mess options.","Students can choose between Standard, North Indian, and South Indian mess.","Admissions and Administration"
"What are the details for mess options?","Students can choose between Standard, North Indian, and South Indian mess.","Admissions and Administration"
"Can you explain mess options?","Students can choose between Standard, North Indian, and South Indian mess.","Admissions and Administration"
"Where can I find info on mess options?","Students can choose between Standard, North Indian, and South Indian mess.","Admissions and Administration"
"Importance of mess options?","Students can choose between Standard, North Indian, and South Indian mess.","Admissions and Administration"
"Process for mess options?","Students can choose between Standard, North Indian, and South Indian mess.","Admissions and Administration"
"Guidelines for mess options.","Students can choose between Standard, North Indian, and South Indian mess.","Admissions and Administration"
"What is the document verification?","Original documents must be verified at the time of admission.","Admissions and Administration"
"How does document verification work at LPU?","Original documents must be verified at the time of admission.","Admissions and Administration"
"Tell me about document verification.","Original documents must be verified at the time of admission.","Admissions and Administration"
"I want to know about document verification.","Original documents must be verified at the time of admission.","Admissions and Administration"
"What are the details for document verification?","Original documents must be verified at the time of admission.","Admissions and Administration"
"Can you explain document verification?","Original documents must be verified at the time of admission.","Admissions and Administration"
"Where can I find info on document verification?","Original documents must be verified at the time of admission.","Admissions and Administration"
"Importance of document verification?","Original documents must be verified at the time of admission.","Admissions and Administration"
"Process for document verification?","Original documents must be verified at the time of admission.","Admissions and Administration"
"Guidelines for document verification.","Original documents must be verified at the time of admission.","Admissions and Administration"
"What is the refund policy?","Refunds are processed as per UGC and university norms.","Admissions and Administration"
"How does refund policy work at LPU?","Refunds are processed as per UGC and university norms.","Admissions and Administration"
"Tell me about refund policy.","Refunds are processed as per UGC and university norms.","Admissions and Administration"
"I want to know about refund policy.","Refunds are processed as per UGC and university norms.","Admissions and Administration"
"What are the details for refund policy?","Refunds are processed as per UGC and university norms.","Admissions and Administration"
"Can you explain refund policy?","Refunds are processed as per UGC and university norms.","Admissions and Administration"
"Where can I find info on refund policy?","Refunds are processed as per UGC and university norms.","Admissions and Administration"
"Importance of refund policy?","Refunds are processed as per UGC and university norms.","Admissions and Administration"
"Process for refund policy?","Refunds are processed as per UGC and university norms.","Admissions and Administration"
"Guidelines for refund policy.","Refunds are processed as per UGC and university norms.","Admissions and Administration"
"What is the loan assistance?","LPU provides assistance for education loans with various banks.","Admissions and Administration"
"How does loan assistance work at LPU?","LPU provides assistance for education loans with various banks.","Admissions and Administration"
"Tell me about loan assistance.","LPU provides assistance for education loans with various banks.","Admissions and Administration"
"I want to know about loan assistance.","LPU provides assistance for education loans with various banks.","Admissions and Administration"
"What are the details for loan assistance?","LPU provides assistance for education loans with various banks.","Admissions and Administration"
"Can you explain loan assistance?","LPU provides assistance for education loans with various banks.","Admissions and Administration"
"Where can I find info on loan assistance?","LPU provides assistance for education loans with various banks.","Admissions and Administration"
"Importance of loan assistance?","LPU provides assistance for education loans with various banks.","Admissions and Administration"
"Process for loan assistance?","LPU provides assistance for education loans with various banks.","Admissions and Administration"
"Guidelines for loan assistance.","LPU provides assistance for education loans with various banks.","Admissions and Administration"
"What is the admission हेल्पलाइन?","Contact +91-1824-517000 for any admission-related queries.","Admissions and Administration"
"How does admission हेल्पलाइन work at LPU?","Contact +91-1824-517000 for any admission-related queries.","Admissions and Administration"
"Tell me about admission हेल्पलाइन.","Contact +91-1824-517000 for any admission-related queries.","Admissions and Administration"
"I want to know about admission हेल्पलाइन.","Contact +91-1824-517000 for any admission-related queries.","Admissions and Administration"
"What are the details for admission हेल्पलाइन?","Contact +91-1824-517000 for any admission-related queries.","Admissions and Administration"
"Can you explain admission हेल्पलाइन?","Contact +91-1824-517000 for any admission-related queries.","Admissions and Administration"
"Where can I find info on admission हेल्पलाइन?","Contact +91-1824-517000 for any admission-related queries.","Admissions and Administration"
"Importance of admission हेल्पलाइन?","Contact +91-1824-517000 for any admission-related queries.","Admissions and Administration"
"Process for admission हेल्पलाइन?","Contact +91-1824-517000 for any admission-related queries.","Admissions and Administration"
"Guidelines for admission हेल्पलाइन.","Contact +91-1824-517000 for any admission-related queries.","Admissions and Administration"
"What is the hostel facilities?","Hostels include WiFi, laundry, gym, and 24/7 security.","Campus Life"
"How does hostel facilities work at LPU?","Hostels include WiFi, laundry, gym, and 24/7 security.","Campus Life"
"Tell me about hostel facilities.","Hostels include WiFi, laundry, gym, and 24/7 security.","Campus Life"
"I want to know about hostel facilities.","Hostels include WiFi, laundry, gym, and 24/7 security.","Campus Life"
"What are the details for hostel facilities?","Hostels include WiFi, laundry, gym, and 24/7 security.","Campus Life"
"Can you explain hostel facilities?","Hostels include WiFi, laundry, gym, and 24/7 security.","Campus Life"
"Where can I find info on hostel facilities?","Hostels include WiFi, laundry, gym, and 24/7 security.","Campus Life"
"Importance of hostel facilities?","Hostels include WiFi, laundry, gym, and 24/7 security.","Campus Life"
"Process for hostel facilities?","Hostels include WiFi, laundry, gym, and 24/7 security.","Campus Life"
"Guidelines for hostel facilities.","Hostels include WiFi, laundry, gym, and 24/7 security.","Campus Life"
"What is the food courts?","A-Block and P-Block host major food courts with international brands.","Campus Life"
"How does food courts work at LPU?","A-Block and P-Block host major food courts with international brands.","Campus Life"
"Tell me about food courts.","A-Block and P-Block host major food courts with international brands.","Campus Life"
"I want to know about food courts.","A-Block and P-Block host major food courts with international brands.","Campus Life"
"What are the details for food courts?","A-Block and P-Block host major food courts with international brands.","Campus Life"
"Can you explain food courts?","A-Block and P-Block host major food courts with international brands.","Campus Life"
"Where can I find info on food courts?","A-Block and P-Block host major food courts with international brands.","Campus Life"
"Importance of food courts?","A-Block and P-Block host major food courts with international brands.","Campus Life"
"Process for food courts?","A-Block and P-Block host major food courts with international brands.","Campus Life"
"Guidelines for food courts.","A-Block and P-Block host major food courts with international brands.","Campus Life"
"What is the sports complex?","The Shanti Devi Mittal Indoor Sports Complex is world-class.","Campus Life"
"How does sports complex work at LPU?","The Shanti Devi Mittal Indoor Sports Complex is world-class.","Campus Life"
"Tell me about sports complex.","The Shanti Devi Mittal Indoor Sports Complex is world-class.","Campus Life"
"I want to know about sports complex.","The Shanti Devi Mittal Indoor Sports Complex is world-class.","Campus Life"
"What are the details for sports complex?","The Shanti Devi Mittal Indoor Sports Complex is world-class.","Campus Life"
"Can you explain sports complex?","The Shanti Devi Mittal Indoor Sports Complex is world-class.","Campus Life"
"Where can I find info on sports complex?","The Shanti Devi Mittal Indoor Sports Complex is world-class.","Campus Life"
"Importance of sports complex?","The Shanti Devi Mittal Indoor Sports Complex is world-class.","Campus Life"
"Process for sports complex?","The Shanti Devi Mittal Indoor Sports Complex is world-class.","Campus Life"
"Guidelines for sports complex.","The Shanti Devi Mittal Indoor Sports Complex is world-class.","Campus Life"
"What is the uni-mall?","The on-campus mall has everything from groceries to electronics.","Campus Life"
"How does uni-mall work at LPU?","The on-campus mall has everything from groceries to electronics.","Campus Life"
"Tell me about uni-mall.","The on-campus mall has everything from groceries to electronics.","Campus Life"
"I want to know about uni-mall.","The on-campus mall has everything from groceries to electronics.","Campus Life"
"What are the details for uni-mall?","The on-campus mall has everything from groceries to electronics.","Campus Life"
"Can you explain uni-mall?","The on-campus mall has everything from groceries to electronics.","Campus Life"
"Where can I find info on uni-mall?","The on-campus mall has everything from groceries to electronics.","Campus Life"
"Importance of uni-mall?","The on-campus mall has everything from groceries to electronics.","Campus Life"
"Process for uni-mall?","The on-campus mall has everything from groceries to electronics.","Campus Life"
"Guidelines for uni-mall.","The on-campus mall has everything from groceries to electronics.","Campus Life"
"What is the WiFi access?","Full campus is WiFi-enabled with high-speed connectivity.","Campus Life"
"How does WiFi access work at LPU?","Full campus is WiFi-enabled with high-speed connectivity.","Campus Life"
"Tell me about WiFi access.","Full campus is WiFi-enabled with high-speed connectivity.","Campus Life"
"I want to know about WiFi access.","Full campus is WiFi-enabled with high-speed connectivity.","Campus Life"
"What are the details for WiFi access?","Full campus is WiFi-enabled with high-speed connectivity.","Campus Life"
"Can you explain WiFi access?","Full campus is WiFi-enabled with high-speed connectivity.","Campus Life"
"Where can I find info on WiFi access?","Full campus is WiFi-enabled with high-speed connectivity.","Campus Life"
"Importance of WiFi access?","Full campus is WiFi-enabled with high-speed connectivity.","Campus Life"
"Process for WiFi access?","Full campus is WiFi-enabled with high-speed connectivity.","Campus Life"
"Guidelines for WiFi access.","Full campus is WiFi-enabled with high-speed connectivity.","Campus Life"
"What is the medical center?","LPU has a 24/7 hospital with ambulance services.","Campus Life"
"How does medical center work at LPU?","LPU has a 24/7 hospital with ambulance services.","Campus Life"
"Tell me about medical center.","LPU has a 24/7 hospital with ambulance services.","Campus Life"
"I want to know about medical center.","LPU has a 24/7 hospital with ambulance services.","Campus Life"
"What are the details for medical center?","LPU has a 24/7 hospital with ambulance services.","Campus Life"
"Can you explain medical center?","LPU has a 24/7 hospital with ambulance services.","Campus Life"
"Where can I find info on medical center?","LPU has a 24/7 hospital with ambulance services.","Campus Life"
"Importance of medical center?","LPU has a 24/7 hospital with ambulance services.","Campus Life"
"Process for medical center?","LPU has a 24/7 hospital with ambulance services.","Campus Life"
"Guidelines for medical center.","LPU has a 24/7 hospital with ambulance services.","Campus Life"
"What is the clubs and societies?","Join 100+ clubs like dancing, coding, and photography.","Campus Life"
"How does clubs and societies work at LPU?","Join 100+ clubs like dancing, coding, and photography.","Campus Life"
"Tell me about clubs and societies.","Join 100+ clubs like dancing, coding, and photography.","Campus Life"
"I want to know about clubs and societies.","Join 100+ clubs like dancing, coding, and photography.","Campus Life"
"What are the details for clubs and societies?","Join 100+ clubs like dancing, coding, and photography.","Campus Life"
"Can you explain clubs and societies?","Join 100+ clubs like dancing, coding, and photography.","Campus Life"
"Where can I find info on clubs and societies?","Join 100+ clubs like dancing, coding, and photography.","Campus Life"
"Importance of clubs and societies?","Join 100+ clubs like dancing, coding, and photography.","Campus Life"
"Process for clubs and societies?","Join 100+ clubs like dancing, coding, and photography.","Campus Life"
"Guidelines for clubs and societies.","Join 100+ clubs like dancing, coding, and photography.","Campus Life"
"What is the university fests?","Global Carnival and One India are the biggest annual fests.","Campus Life"
"How does university fests work at LPU?","Global Carnival and One India are the biggest annual fests.","Campus Life"
"Tell me about university fests.","Global Carnival and One India are the biggest annual fests.","Campus Life"
"I want to know about university fests.","Global Carnival and One India are the biggest annual fests.","Campus Life"
"What are the details for university fests?","Global Carnival and One India are the biggest annual fests.","Campus Life"
"Can you explain university fests?","Global Carnival and One India are the biggest annual fests.","Campus Life"
"Where can I find info on university fests?","Global Carnival and One India are the biggest annual fests.","Campus Life"
"Importance of university fests?","Global Carnival and One India are the biggest annual fests.","Campus Life"
"Process for university fests?","Global Carnival and One India are the biggest annual fests.","Campus Life"
"Guidelines for university fests.","Global Carnival and One India are the biggest annual fests.","Campus Life"
"What is the transport?","Bus services are available for students from nearby cities.","Campus Life"
"How does transport work at LPU?","Bus services are available for students from nearby cities.","Campus Life"
"Tell me about transport.","Bus services are available for students from nearby cities.","Campus Life"
"I want to know about transport.","Bus services are available for students from nearby cities.","Campus Life"
"What are the details for transport?","Bus services are available for students from nearby cities.","Campus Life"
"Can you explain transport?","Bus services are available for students from nearby cities.","Campus Life"
"Where can I find info on transport?","Bus services are available for students from nearby cities.","Campus Life"
"Importance of transport?","Bus services are available for students from nearby cities.","Campus Life"
"Process for transport?","Bus services are available for students from nearby cities.","Campus Life"
"Guidelines for transport.","Bus services are available for students from nearby cities.","Campus Life"
"What is the library?","The central library is open 24/7 during exam periods.","Campus Life"
"How does library work at LPU?","The central library is open 24/7 during exam periods.","Campus Life"
"Tell me about library.","The central library is open 24/7 during exam periods.","Campus Life"
"I want to know about library.","The central library is open 24/7 during exam periods.","Campus Life"
"What are the details for library?","The central library is open 24/7 during exam periods.","Campus Life"
"Can you explain library?","The central library is open 24/7 during exam periods.","Campus Life"
"Where can I find info on library?","The central library is open 24/7 during exam periods.","Campus Life"
"Importance of library?","The central library is open 24/7 during exam periods.","Campus Life"
"Process for library?","The central library is open 24/7 during exam periods.","Campus Life"
"Guidelines for library.","The central library is open 24/7 during exam periods.","Campus Life"
"What is the highest package?","LPU has recorded a package as high as 1 crore+ internationally.","Placements and Career"
"How does highest package work at LPU?","LPU has recorded a package as high as 1 crore+ internationally.","Placements and Career"
"Tell me about highest package.","LPU has recorded a package as high as 1 crore+ internationally.","Placements and Career"
"I want to know about highest package.","LPU has recorded a package as high as 1 crore+ internationally.","Placements and Career"
"What are the details for highest package?","LPU has recorded a package as high as 1 crore+ internationally.","Placements and Career"
"Can you explain highest package?","LPU has recorded a package as high as 1 crore+ internationally.","Placements and Career"
"Where can I find info on highest package?","LPU has recorded a package as high as 1 crore+ internationally.","Placements and Career"
"Importance of highest package?","LPU has recorded a package as high as 1 crore+ internationally.","Placements and Career"
"Process for highest package?","LPU has recorded a package as high as 1 crore+ internationally.","Placements and Career"
"Guidelines for highest package.","LPU has recorded a package as high as 1 crore+ internationally.","Placements and Career"
"What is the top recruiters?","Google, Microsoft, Amazon, and Adobe are regular recruiters.","Placements and Career"
"How does top recruiters work at LPU?","Google, Microsoft, Amazon, and Adobe are regular recruiters.","Placements and Career"
"Tell me about top recruiters.","Google, Microsoft, Amazon, and Adobe are regular recruiters.","Placements and Career"
"I want to know about top recruiters.","Google, Microsoft, Amazon, and Adobe are regular recruiters.","Placements and Career"
"What are the details for top recruiters?","Google, Microsoft, Amazon, and Adobe are regular recruiters.","Placements and Career"
"Can you explain top recruiters?","Google, Microsoft, Amazon, and Adobe are regular recruiters.","Placements and Career"
"Where can I find info on top recruiters?","Google, Microsoft, Amazon, and Adobe are regular recruiters.","Placements and Career"
"Importance of top recruiters?","Google, Microsoft, Amazon, and Adobe are regular recruiters.","Placements and Career"
"Process for top recruiters?","Google, Microsoft, Amazon, and Adobe are regular recruiters.","Placements and Career"
"Guidelines for top recruiters.","Google, Microsoft, Amazon, and Adobe are regular recruiters.","Placements and Career"
"What is the PEP classes?","Professional Enhancement Programs (PEP) prepare students for interviews.","Placements and Career"
"How does PEP classes work at LPU?","Professional Enhancement Programs (PEP) prepare students for interviews.","Placements and Career"
"Tell me about PEP classes.","Professional Enhancement Programs (PEP) prepare students for interviews.","Placements and Career"
"I want to know about PEP classes.","Professional Enhancement Programs (PEP) prepare students for interviews.","Placements and Career"
"What are the details for PEP classes?","Professional Enhancement Programs (PEP) prepare students for interviews.","Placements and Career"
"Can you explain PEP classes?","Professional Enhancement Programs (PEP) prepare students for interviews.","Placements and Career"
"Where can I find info on PEP classes?","Professional Enhancement Programs (PEP) prepare students for interviews.","Placements and Career"
"Importance of PEP classes?","Professional Enhancement Programs (PEP) prepare students for interviews.","Placements and Career"
"Process for PEP classes?","Professional Enhancement Programs (PEP) prepare students for interviews.","Placements and Career"
"Guidelines for PEP classes.","Professional Enhancement Programs (PEP) prepare students for interviews.","Placements and Career"
"What is the internships?","LPU helps students secure summer and semester-long internships.","Placements and Career"
"How does internships work at LPU?","LPU helps students secure summer and semester-long internships.","Placements and Career"
"Tell me about internships.","LPU helps students secure summer and semester-long internships.","Placements and Career"
"I want to know about internships.","LPU helps students secure summer and semester-long internships.","Placements and Career"
"What are the details for internships?","LPU helps students secure summer and semester-long internships.","Placements and Career"
"Can you explain internships?","LPU helps students secure summer and semester-long internships.","Placements and Career"
"Where can I find info on internships?","LPU helps students secure summer and semester-long internships.","Placements and Career"
"Importance of internships?","LPU helps students secure summer and semester-long internships.","Placements and Career"
"Process for internships?","LPU helps students secure summer and semester-long internships.","Placements and Career"
"Guidelines for internships.","LPU helps students secure summer and semester-long internships.","Placements and Career"
"What is the CDG cell?","The Career Development Group (CDG) manages all placement activities.","Placements and Career"
"How does CDG cell work at LPU?","The Career Development Group (CDG) manages all placement activities.","Placements and Career"
"Tell me about CDG cell.","The Career Development Group (CDG) manages all placement activities.","Placements and Career"
"I want to know about CDG cell.","The Career Development Group (CDG) manages all placement activities.","Placements and Career"
"What are the details for CDG cell?","The Career Development Group (CDG) manages all placement activities.","Placements and Career"
"Can you explain CDG cell?","The Career Development Group (CDG) manages all placement activities.","Placements and Career"
"Where can I find info on CDG cell?","The Career Development Group (CDG) manages all placement activities.","Placements and Career"
"Importance of CDG cell?","The Career Development Group (CDG) manages all placement activities.","Placements and Career"
"Process for CDG cell?","The Career Development Group (CDG) manages all placement activities.","Placements and Career"
"Guidelines for CDG cell.","The Career Development Group (CDG) manages all placement activities.","Placements and Career"
"What is the mock interviews?","Regular mock interviews are held to boost student confidence.","Placements and Career"
"How does mock interviews work at LPU?","Regular mock interviews are held to boost student confidence.","Placements and Career"
"Tell me about mock interviews.","Regular mock interviews are held to boost student confidence.","Placements and Career"
"I want to know about mock interviews.","Regular mock interviews are held to boost student confidence.","Placements and Career"
"What are the details for mock interviews?","Regular mock interviews are held to boost student confidence.","Placements and Career"
"Can you explain mock interviews?","Regular mock interviews are held to boost student confidence.","Placements and Career"
"Where can I find info on mock interviews?","Regular mock interviews are held to boost student confidence.","Placements and Career"
"Importance of mock interviews?","Regular mock interviews are held to boost student confidence.","Placements and Career"
"Process for mock interviews?","Regular mock interviews are held to boost student confidence.","Placements and Career"
"Guidelines for mock interviews.","Regular mock interviews are held to boost student confidence.","Placements and Career"
"What is the aptitude training?","Intensive aptitude training starts from the 5th semester.","Placements and Career"
"How does aptitude training work at LPU?","Intensive aptitude training starts from the 5th semester.","Placements and Career"
"Tell me about aptitude training.","Intensive aptitude training starts from the 5th semester.","Placements and Career"
"I want to know about aptitude training.","Intensive aptitude training starts from the 5th semester.","Placements and Career"
"What are the details for aptitude training?","Intensive aptitude training starts from the 5th semester.","Placements and Career"
"Can you explain aptitude training?","Intensive aptitude training starts from the 5th semester.","Placements and Career"
"Where can I find info on aptitude training?","Intensive aptitude training starts from the 5th semester.","Placements and Career"
"Importance of aptitude training?","Intensive aptitude training starts from the 5th semester.","Placements and Career"
"Process for aptitude training?","Intensive aptitude training starts from the 5th semester.","Placements and Career"
"Guidelines for aptitude training.","Intensive aptitude training starts from the 5th semester.","Placements and Career"
"What is the placement eligibility?","Usually 6.0+ CGPA and no active backlogs are required.","Placements and Career"
"How does placement eligibility work at LPU?","Usually 6.0+ CGPA and no active backlogs are required.","Placements and Career"
"Tell me about placement eligibility.","Usually 6.0+ CGPA and no active backlogs are required.","Placements and Career"
"I want to know about placement eligibility.","Usually 6.0+ CGPA and no active backlogs are required.","Placements and Career"
"What are the details for placement eligibility?","Usually 6.0+ CGPA and no active backlogs are required.","Placements and Career"
"Can you explain placement eligibility?","Usually 6.0+ CGPA and no active backlogs are required.","Placements and Career"
"Where can I find info on placement eligibility?","Usually 6.0+ CGPA and no active backlogs are required.","Placements and Career"
"Importance of placement eligibility?","Usually 6.0+ CGPA and no active backlogs are required.","Placements and Career"
"Process for placement eligibility?","Usually 6.0+ CGPA and no active backlogs are required.","Placements and Career"
"Guidelines for placement eligibility.","Usually 6.0+ CGPA and no active backlogs are required.","Placements and Career"
"What is the off-campus drives?","LPU also assists in off-campus placement opportunities.","Placements and Career"
"How does off-campus drives work at LPU?","LPU also assists in off-campus placement opportunities.","Placements and Career"
"Tell me about off-campus drives.","LPU also assists in off-campus placement opportunities.","Placements and Career"
"I want to know about off-campus drives.","LPU also assists in off-campus placement opportunities.","Placements and Career"
"What are the details for off-campus drives?","LPU also assists in off-campus placement opportunities.","Placements and Career"
"Can you explain off-campus drives?","LPU also assists in off-campus placement opportunities.","Placements and Career"
"Where can I find info on off-campus drives?","LPU also assists in off-campus placement opportunities.","Placements and Career"
"Importance of off-campus drives?","LPU also assists in off-campus placement opportunities.","Placements and Career"
"Process for off-campus drives?","LPU also assists in off-campus placement opportunities.","Placements and Career"
"Guidelines for off-campus drives.","LPU also assists in off-campus placement opportunities.","Placements and Career"
"What is the alumni network?","A strong alumni network helps current students with referrals.","Placements and Career"
"How does alumni network work at LPU?","A strong alumni network helps current students with referrals.","Placements and Career"
"Tell me about alumni network.","A strong alumni network helps current students with referrals.","Placements and Career"
"I want to know about alumni network.","A strong alumni network helps current students with referrals.","Placements and Career"
"What are the details for alumni network?","A strong alumni network helps current students with referrals.","Placements and Career"
"Can you explain alumni network?","A strong alumni network helps current students with referrals.","Placements and Career"
"Where can I find info on alumni network?","A strong alumni network helps current students with referrals.","Placements and Career"
"Importance of alumni network?","A strong alumni network helps current students with referrals.","Placements and Career"
"Process for alumni network?","A strong alumni network helps current students with referrals.","Placements and Career"
"Guidelines for alumni network.","A strong alumni network helps current students with referrals.","Placements and Career"
"What is the anti-ragging?","LPU has a zero-tolerance policy against ragging.","Rules Safety and Grievance"
"How does anti-ragging work at LPU?","LPU has a zero-tolerance policy against ragging.","Rules Safety and Grievance"
"Tell me about anti-ragging.","LPU has a zero-tolerance policy against ragging.","Rules Safety and Grievance"
"I want to know about anti-ragging.","LPU has a zero-tolerance policy against ragging.","Rules Safety and Grievance"
"What are the details for anti-ragging?","LPU has a zero-tolerance policy against ragging.","Rules Safety and Grievance"
"Can you explain anti-ragging?","LPU has a zero-tolerance policy against ragging.","Rules Safety and Grievance"
"Where can I find info on anti-ragging?","LPU has a zero-tolerance policy against ragging.","Rules Safety and Grievance"
"Importance of anti-ragging?","LPU has a zero-tolerance policy against ragging.","Rules Safety and Grievance"
"Process for anti-ragging?","LPU has a zero-tolerance policy against ragging.","Rules Safety and Grievance"
"Guidelines for anti-ragging.","LPU has a zero-tolerance policy against ragging.","Rules Safety and Grievance"
"What is the uniform policy?","Formal dress code is mandatory on specified weekdays.","Rules Safety and Grievance"
"How does uniform policy work at LPU?","Formal dress code is mandatory on specified weekdays.","Rules Safety and Grievance"
"Tell me about uniform policy.","Formal dress code is mandatory on specified weekdays.","Rules Safety and Grievance"
"I want to know about uniform policy.","Formal dress code is mandatory on specified weekdays.","Rules Safety and Grievance"
"What are the details for uniform policy?","Formal dress code is mandatory on specified weekdays.","Rules Safety and Grievance"
"Can you explain uniform policy?","Formal dress code is mandatory on specified weekdays.","Rules Safety and Grievance"
"Where can I find info on uniform policy?","Formal dress code is mandatory on specified weekdays.","Rules Safety and Grievance"
"Importance of uniform policy?","Formal dress code is mandatory on specified weekdays.","Rules Safety and Grievance"
"Process for uniform policy?","Formal dress code is mandatory on specified weekdays.","Rules Safety and Grievance"
"Guidelines for uniform policy.","Formal dress code is mandatory on specified weekdays.","Rules Safety and Grievance"
"What is the ID card?","Always carry your ID card; it's mandatory for entry and exams.","Rules Safety and Grievance"
"How does ID card work at LPU?","Always carry your ID card; it's mandatory for entry and exams.","Rules Safety and Grievance"
"Tell me about ID card.","Always carry your ID card; it's mandatory for entry and exams.","Rules Safety and Grievance"
"I want to know about ID card.","Always carry your ID card; it's mandatory for entry and exams.","Rules Safety and Grievance"
"What are the details for ID card?","Always carry your ID card; it's mandatory for entry and exams.","Rules Safety and Grievance"
"Can you explain ID card?","Always carry your ID card; it's mandatory for entry and exams.","Rules Safety and Grievance"
"Where can I find info on ID card?","Always carry your ID card; it's mandatory for entry and exams.","Rules Safety and Grievance"
"Importance of ID card?","Always carry your ID card; it's mandatory for entry and exams.","Rules Safety and Grievance"
"Process for ID card?","Always carry your ID card; it's mandatory for entry and exams.","Rules Safety and Grievance"
"Guidelines for ID card.","Always carry your ID card; it's mandatory for entry and exams.","Rules Safety and Grievance"
"What is the RMS portal?","Use the Relationship Management System (RMS) for any complaints.","Rules Safety and Grievance"
"How does RMS portal work at LPU?","Use the Relationship Management System (RMS) for any complaints.","Rules Safety and Grievance"
"Tell me about RMS portal.","Use the Relationship Management System (RMS) for any complaints.","Rules Safety and Grievance"
"I want to know about RMS portal.","Use the Relationship Management System (RMS) for any complaints.","Rules Safety and Grievance"
"What are the details for RMS portal?","Use the Relationship Management System (RMS) for any complaints.","Rules Safety and Grievance"
"Can you explain RMS portal?","Use the Relationship Management System (RMS) for any complaints.","Rules Safety and Grievance"
"Where can I find info on RMS portal?","Use the Relationship Management System (RMS) for any complaints.","Rules Safety and Grievance"
"Importance of RMS portal?","Use the Relationship Management System (RMS) for any complaints.","Rules Safety and Grievance"
"Process for RMS portal?","Use the Relationship Management System (RMS) for any complaints.","Rules Safety and Grievance"
"Guidelines for RMS portal.","Use the Relationship Management System (RMS) for any complaints.","Rules Safety and Grievance"
"What is the security?","Over 2000 CCTV cameras and 24/7 guards ensure campus safety.","Rules Safety and Grievance"
"How does security work at LPU?","Over 2000 CCTV cameras and 24/7 guards ensure campus safety.","Rules Safety and Grievance"
"Tell me about security.","Over 2000 CCTV cameras and 24/7 guards ensure campus safety.","Rules Safety and Grievance"
"I want to know about security.","Over 2000 CCTV cameras and 24/7 guards ensure campus safety.","Rules Safety and Grievance"
"What are the details for security?","Over 2000 CCTV cameras and 24/7 guards ensure campus safety.","Rules Safety and Grievance"
"Can you explain security?","Over 2000 CCTV cameras and 24/7 guards ensure campus safety.","Rules Safety and Grievance"
"Where can I find info on security?","Over 2000 CCTV cameras and 24/7 guards ensure campus safety.","Rules Safety and Grievance"
"Importance of security?","Over 2000 CCTV cameras and 24/7 guards ensure campus safety.","Rules Safety and Grievance"
"Process for security?","Over 2000 CCTV cameras and 24/7 guards ensure campus safety.","Rules Safety and Grievance"
"Guidelines for security.","Over 2000 CCTV cameras and 24/7 guards ensure campus safety.","Rules Safety and Grievance"
"What is the gate pass?","Hostelers need an online gate pass for night outs.","Rules Safety and Grievance"
"How does gate pass work at LPU?","Hostelers need an online gate pass for night outs.","Rules Safety and Grievance"
"Tell me about gate pass.","Hostelers need an online gate pass for night outs.","Rules Safety and Grievance"
"I want to know about gate pass.","Hostelers need an online gate pass for night outs.","Rules Safety and Grievance"
"What are the details for gate pass?","Hostelers need an online gate pass for night outs.","Rules Safety and Grievance"
"Can you explain gate pass?","Hostelers need an online gate pass for night outs.","Rules Safety and Grievance"
"Where can I find info on gate pass?","Hostelers need an online gate pass for night outs.","Rules Safety and Grievance"
"Importance of gate pass?","Hostelers need an online gate pass for night outs.","Rules Safety and Grievance"
"Process for gate pass?","Hostelers need an online gate pass for night outs.","Rules Safety and Grievance"
"Guidelines for gate pass.","Hostelers need an online gate pass for night outs.","Rules Safety and Grievance"
"What is the disciplinary committee?","Strict actions are taken for breaking university rules.","Rules Safety and Grievance"
"How does disciplinary committee work at LPU?","Strict actions are taken for breaking university rules.","Rules Safety and Grievance"
"Tell me about disciplinary committee.","Strict actions are taken for breaking university rules.","Rules Safety and Grievance"
"I want to know about disciplinary committee.","Strict actions are taken for breaking university rules.","Rules Safety and Grievance"
"What are the details for disciplinary committee?","Strict actions are taken for breaking university rules.","Rules Safety and Grievance"
"Can you explain disciplinary committee?","Strict actions are taken for breaking university rules.","Rules Safety and Grievance"
"Where can I find info on disciplinary committee?","Strict actions are taken for breaking university rules.","Rules Safety and Grievance"
"Importance of disciplinary committee?","Strict actions are taken for breaking university rules.","Rules Safety and Grievance"
"Process for disciplinary committee?","Strict actions are taken for breaking university rules.","Rules Safety and Grievance"
"Guidelines for disciplinary committee.","Strict actions are taken for breaking university rules.","Rules Safety and Grievance"
"What is the parking rules?","Separate parking zones for students and staff; helmets mandatory.","Rules Safety and Grievance"
"How does parking rules work at LPU?","Separate parking zones for students and staff; helmets mandatory.","Rules Safety and Grievance"
"Tell me about parking rules.","Separate parking zones for students and staff; helmets mandatory.","Rules Safety and Grievance"
"I want to know about parking rules.","Separate parking zones for students and staff; helmets mandatory.","Rules Safety and Grievance"
"What are the details for parking rules?","Separate parking zones for students and staff; helmets mandatory.","Rules Safety and Grievance"
"Can you explain parking rules?","Separate parking zones for students and staff; helmets mandatory.","Rules Safety and Grievance"
"Where can I find info on parking rules?","Separate parking zones for students and staff; helmets mandatory.","Rules Safety and Grievance"
"Importance of parking rules?","Separate parking zones for students and staff; helmets mandatory.","Rules Safety and Grievance"
"Process for parking rules?","Separate parking zones for students and staff; helmets mandatory.","Rules Safety and Grievance"
"Guidelines for parking rules.","Separate parking zones for students and staff; helmets mandatory.","Rules Safety and Grievance"
"What is the ML/DL rules?","Apply for Medical or Duty leaves via the UMS portal.","Rules Safety and Grievance"
"How does ML/DL rules work at LPU?","Apply for Medical or Duty leaves via the UMS portal.","Rules Safety and Grievance"
"Tell me about ML/DL rules.","Apply for Medical or Duty leaves via the UMS portal.","Rules Safety and Grievance"
"I want to know about ML/DL rules.","Apply for Medical or Duty leaves via the UMS portal.","Rules Safety and Grievance"
"What are the details for ML/DL rules?","Apply for Medical or Duty leaves via the UMS portal.","Rules Safety and Grievance"
"Can you explain ML/DL rules?","Apply for Medical or Duty leaves via the UMS portal.","Rules Safety and Grievance"
"Where can I find info on ML/DL rules?","Apply for Medical or Duty leaves via the UMS portal.","Rules Safety and Grievance"
"Importance of ML/DL rules?","Apply for Medical or Duty leaves via the UMS portal.","Rules Safety and Grievance"
"Process for ML/DL rules?","Apply for Medical or Duty leaves via the UMS portal.","Rules Safety and Grievance"
"Guidelines for ML/DL rules.","Apply for Medical or Duty leaves via the UMS portal.","Rules Safety and Grievance"
"What is the student code of conduct?","Follow the handbook for all university rules and ethics.","Rules Safety and Grievance"
"How does student code of conduct work at LPU?","Follow the handbook for all university rules and ethics.","Rules Safety and Grievance"
"Tell me about student code of conduct.","Follow the handbook for all university rules and ethics.","Rules Safety and Grievance"
"I want to know about student code of conduct.","Follow the handbook for all university rules and ethics.","Rules Safety and Grievance"
"What are the details for student code of conduct?","Follow the handbook for all university rules and ethics.","Rules Safety and Grievance"
"Can you explain student code of conduct?","Follow the handbook for all university rules and ethics.","Rules Safety and Grievance"
"Where can I find info on student code of conduct?","Follow the handbook for all university rules and ethics.","Rules Safety and Grievance"
"Importance of student code of conduct?","Follow the handbook for all university rules and ethics.","Rules Safety and Grievance"
"Process for student code of conduct?","Follow the handbook for all university rules and ethics.","Rules Safety and Grievance"
"Guidelines for student code of conduct.","Follow the handbook for all university rules and ethics.","Rules Safety and Grievance"
"Help with Teacher Guardian 0","CGPA is calculated by dividing total grade points by total credits.","Academic"
"Help with credit system 1","Students can clear backlogs by appearing in supplementary exams.","Academic"
"Help with minor degrees 2","Students can opt for a minor degree in a different specialization.","Academic"
"Help with CGPA calculation 3","Mid-term exams usually hold 20% weightage in the total grade.","Academic"
"Help with credit system 4","CGPA is calculated by dividing total grade points by total credits.","Academic"
"Help with minor degrees 5","Every student is assigned a TG for academic and personal guidance.","Academic"
"Help with grade cards 6","75% attendance is mandatory for all students to avoid detention.","Academic"
"Help with grade cards 7","75% attendance is mandatory for all students to avoid detention.","Academic"
"Help with Teacher Guardian 8","Grade cards can be downloaded from the UMS portal after results.","Academic"
"Help with Teacher Guardian 9","Grade cards can be downloaded from the UMS portal after results.","Academic"
"Help with supplementary exams 10","75% attendance is mandatory for all students to avoid detention.","Academic"
"Help with credit system 11","Every student is assigned a TG for academic and personal guidance.","Academic"
"Help with grade cards 12","Mid-term exams usually hold 20% weightage in the total grade.","Academic"
"Help with ETE exams 13","LPU follows a Choice Based Credit System (CBCS).","Academic"
"Help with attendance policy 14","Students can opt for a minor degree in a different specialization.","Academic"
"Help with document verification 0","Scholarships are available based on merit, sports, and social service.","Admissions and Administration"
"Help with fee payment 1","Apply online at lpu.in and appear for LPUNEST for admission.","Admissions and Administration"
"Help with admission process 2","Fees can be paid online via UMS or at the accounts office.","Admissions and Administration"
"Help with admission process 3","Hostels can be booked during the admission process on a first-come basis.","Admissions and Administration"
"Help with fee payment 4","Students can choose between Standard, North Indian, and South Indian mess.","Admissions and Administration"
"Help with admission process 5","Fees can be paid online via UMS or at the accounts office.","Admissions and Administration"
"Help with document verification 6","Scholarships are available based on merit, sports, and social service.","Admissions and Administration"
"Help with admission process 7","LPU provides assistance for education loans with various banks.","Admissions and Administration"
"Help with admission हेल्पलाइन 8","Contact +91-1824-517000 for any admission-related queries.","Admissions and Administration"
"Help with admission हेल्पलाइन 9","Original documents must be verified at the time of admission.","Admissions and Administration"
"Help with admission हेल्पलाइन 10","Apply online at lpu.in and appear for LPUNEST for admission.","Admissions and Administration"
"Help with scholarship types 11","Students can choose between Standard, North Indian, and South Indian mess.","Admissions and Administration"
"Help with mess options 12","Students can choose between Standard, North Indian, and South Indian mess.","Admissions and Administration"
"Help with fee payment 13","Original documents must be verified at the time of admission.","Admissions and Administration"
"Help with scholarship types 14","LPUNEST is LPU's entrance and scholarship test.","Admissions and Administration"
"Help with uni-mall 0","Hostels include WiFi, laundry, gym, and 24/7 security.","Campus Life"
"Help with medical center 1","Hostels include WiFi, laundry, gym, and 24/7 security.","Campus Life"
"Help with university fests 2","The central library is open 24/7 during exam periods.","Campus Life"
"Help with uni-mall 3","A-Block and P-Block host major food courts with international brands.","Campus Life"
"Help with clubs and societies 4","Bus services are available for students from nearby cities.","Campus Life"
"Help with medical center 5","The on-campus mall has everything from groceries to electronics.","Campus Life"
"Help with medical center 6","Hostels include WiFi, laundry, gym, and 24/7 security.","Campus Life"
"Help with uni-mall 7","The Shanti Devi Mittal Indoor Sports Complex is world-class.","Campus Life"
"Help with sports complex 8","The central library is open 24/7 during exam periods.","Campus Life"
"Help with sports complex 9","A-Block and P-Block host major food courts with international brands.","Campus Life"
"Help with sports complex 10","Bus services are available for students from nearby cities.","Campus Life"
"Help with medical center 11","Global Carnival and One India are the biggest annual fests.","Campus Life"
"Help with food courts 12","The Shanti Devi Mittal Indoor Sports Complex is world-class.","Campus Life"
"Help with hostel facilities 13","Hostels include WiFi, laundry, gym, and 24/7 security.","Campus Life"
"Help with WiFi access 14","Hostels include WiFi, laundry, gym, and 24/7 security.","Campus Life"
"Help with highest package 0","The Career Development Group (CDG) manages all placement activities.","Placements and Career"
"Help with mock interviews 1","Google, Microsoft, Amazon, and Adobe are regular recruiters.","Placements and Career"
"Help with PEP classes 2","Regular mock interviews are held to boost student confidence.","Placements and Career"
"Help with top recruiters 3","LPU helps students secure summer and semester-long internships.","Placements and Career"
"Help with placement eligibility 4","LPU also assists in off-campus placement opportunities.","Placements and Career"
"Help with placement eligibility 5","Intensive aptitude training starts from the 5th semester.","Placements and Career"
"Help with CDG cell 6","Regular mock interviews are held to boost student confidence.","Placements and Career"
"Help with off-campus drives 7","Professional Enhancement Programs (PEP) prepare students for interviews.","Placements and Career"
"Help with highest package 8","Intensive aptitude training starts from the 5th semester.","Placements and Career"
"Help with alumni network 9","The Career Development Group (CDG) manages all placement activities.","Placements and Career"
"Help with aptitude training 10","Intensive aptitude training starts from the 5th semester.","Placements and Career"
"Help with placement eligibility 11","The Career Development Group (CDG) manages all placement activities.","Placements and Career"
"Help with internships 12","LPU has recorded a package as high as 1 crore+ internationally.","Placements and Career"
"Help with off-campus drives 13","Usually 6.0+ CGPA and no active backlogs are required.","Placements and Career"
"Help with mock interviews 14","Usually 6.0+ CGPA and no active backlogs are required.","Placements and Career"
"Help with gate pass 0","Formal dress code is mandatory on specified weekdays.","Rules Safety and Grievance"
"Help with uniform policy 1","Formal dress code is mandatory on specified weekdays.","Rules Safety and Grievance"
"Help with disciplinary committee 2","Formal dress code is mandatory on specified weekdays.","Rules Safety and Grievance"
"Help with ML/DL rules 3","Formal dress code is mandatory on specified weekdays.","Rules Safety and Grievance"
"Help with disciplinary committee 4","LPU has a zero-tolerance policy against ragging.","Rules Safety and Grievance"
"Help with RMS portal 5","Hostelers need an online gate pass for night outs.","Rules Safety and Grievance"
"Help with student code of conduct 6","Always carry your ID card; it's mandatory for entry and exams.","Rules Safety and Grievance"
"Help with RMS portal 7","LPU has a zero-tolerance policy against ragging.","Rules Safety and Grievance"
"Help with ID card 8","Separate parking zones for students and staff; helmets mandatory.","Rules Safety and Grievance"
"Help with anti-ragging 9","Separate parking zones for students and staff; helmets mandatory.","Rules Safety and Grievance"
"Help with gate pass 10","Use the Relationship Management System (RMS) for any complaints.","Rules Safety and Grievance"
"Help with security 11","Use the Relationship Management System (RMS) for any complaints.","Rules Safety and Grievance"
"Help with RMS portal 12","Formal dress code is mandatory on specified weekdays.","Rules Safety and Grievance"
"Help with gate pass 13","Apply for Medical or Duty leaves via the UMS portal.","Rules Safety and Grievance"
"Help with disciplinary committee 14","Always carry your ID card; it's mandatory for entry and exams.","Rules Safety and Grievance"
"PEP classes info variation 575","Professional Enhancement Programs (PEP) prepare students for interviews.","Placements and Career"
"PEP classes info variation 576","Professional Enhancement Programs (PEP) prepare students for interviews.","Placements and Career"
"placement eligibility info variation 577","Usually 6.0+ CGPA and no active backlogs are required.","Placements and Career"
"WiFi access info variation 578","Full campus is WiFi-enabled with high-speed connectivity.","Campus Life"
"grade cards info variation 579","Grade cards can be downloaded from the UMS portal after results.","Academic"
"highest package info variation 580","LPU has recorded a package as high as 1 crore+ internationally.","Placements and Career"
"anti-ragging info variation 581","LPU has a zero-tolerance policy against ragging.","Rules Safety and Grievance"
"parking rules info variation 582","Separate parking zones for students and staff; helmets mandatory.","Rules Safety and Grievance"
"attendance policy info variation 583","75% attendance is mandatory for all students to avoid detention.","Academic"
"supplementary exams info variation 584","Students can clear backlogs by appearing in supplementary exams.","Academic"
"library info variation 585","The central library is open 24/7 during exam periods.","Campus Life"
"parking rules info variation 586","Separate parking zones for students and staff; helmets mandatory.","Rules Safety and Grievance"
"Teacher Guardian info variation 587","Every student is assigned a TG for academic and personal guidance.","Academic"
"medical center info variation 588","LPU has a 24/7 hospital with ambulance services.","Campus Life"
"minor degrees info variation 589","Students can opt for a minor degree in a different specialization.","Academic"
"CGPA calculation info variation 590","CGPA is calculated by dividing total grade points by total credits.","Academic"
"transport info variation 591","Bus services are available for students from nearby cities.","Campus Life"
"CGPA calculation info variation 592","CGPA is calculated by dividing total grade points by total credits.","Academic"
"MTE exams info variation 593","Mid-term exams usually hold 20% weightage in the total grade.","Academic"
"alumni network info variation 594","A strong alumni network helps current students with referrals.","Placements and Career"
"anti-ragging info variation 595","LPU has a zero-tolerance policy against ragging.","Rules Safety and Grievance"
"university fests info variation 596","Global Carnival and One India are the biggest annual fests.","Campus Life"
"anti-ragging info variation 597","LPU has a zero-tolerance policy against ragging.","Rules Safety and Grievance"
"ID card info variation 598","Always carry your ID card; it's mandatory for entry and exams.","Rules Safety and Grievance"
"loan assistance info variation 599","LPU provides assistance for education loans with various banks.","Admissions and Administration"
"attendance policy info variation 600","75% attendance is mandatory for all students to avoid detention.","Academic"
"gate pass info variation 601","Hostelers need an online gate pass for night outs.","Rules Safety and Grievance"
"minor degrees info variation 602","Students can opt for a minor degree in a different specialization.","Academic"
"WiFi access info variation 603","Full campus is WiFi-enabled with high-speed connectivity.","Campus Life"
"loan assistance info variation 604","LPU provides assistance for education loans with various banks.","Admissions and Administration"
"internships info variation 605","LPU helps students secure summer and semester-long internships.","Placements and Career"
"attendance policy info variation 606","75% attendance is mandatory for all students to avoid detention.","Academic"
"internships info variation 607","LPU helps students secure summer and semester-long internships.","Placements and Career"
"hostel booking info variation 608","Hostels can be booked during the admission process on a first-come basis.","Admissions and Administration"
"sports complex info variation 609","The Shanti Devi Mittal Indoor Sports Complex is world-class.","Campus Life"
"top recruiters info variation 610","Google, Microsoft, Amazon, and Adobe are regular recruiters.","Placements and Career"
"refund policy info variation 611","Refunds are processed as per UGC and university norms.","Admissions and Administration"
"ML/DL rules info variation 612","Apply for Medical or Duty leaves via the UMS portal.","Rules Safety and Grievance"
"credit system info variation 613","LPU follows a Choice Based Credit System (CBCS).","Academic"
"minor degrees info variation 614","Students can opt for a minor degree in a different specialization.","Academic"
"library info variation 615","The central library is open 24/7 during exam periods.","Campus Life"
"anti-ragging info variation 616","LPU has a zero-tolerance policy against ragging.","Rules Safety and Grievance"
"supplementary exams info variation 617","Students can clear backlogs by appearing in supplementary exams.","Academic"
"student code of conduct info variation 618","Follow the handbook for all university rules and ethics.","Rules Safety and Grievance"
"ID card info variation 619","Always carry your ID card; it's mandatory for entry and exams.","Rules Safety and Grievance"
"university fests info variation 620","Global Carnival and One India are the biggest annual fests.","Campus Life"
"disciplinary committee info variation 621","Strict actions are taken for breaking university rules.","Rules Safety and Grievance"
"WiFi access info variation 622","Full campus is WiFi-enabled with high-speed connectivity.","Campus Life"
"sports complex info variation 623","The Shanti Devi Mittal Indoor Sports Complex is world-class.","Campus Life"
"hostel booking info variation 624","Hostels can be booked during the admission process on a first-come basis.","Admissions and Administration"
"clubs and societies info variation 625","Join 100+ clubs like dancing, coding, and photography.","Campus Life"
"library info variation 626","The central library is open 24/7 during exam periods.","Campus Life"
"internships info variation 627","LPU helps students secure summer and semester-long internships.","Placements and Career"
"loan assistance info variation 628","LPU provides assistance for education loans with various banks.","Admissions and Administration"
"mess options info variation 629","Students can choose between Standard, North Indian, and South Indian mess.","Admissions and Administration"
"fee payment info variation 630","Fees can be paid online via UMS or at the accounts office.","Admissions and Administration"
"clubs and societies info variation 631","Join 100+ clubs like dancing, coding, and photography.","Campus Life"
"MTE exams info variation 632","Mid-term exams usually hold 20% weightage in the total grade.","Academic"
"top recruiters info variation 633","Google, Microsoft, Amazon, and Adobe are regular recruiters.","Placements and Career"
"ML/DL rules info variation 634","Apply for Medical or Duty leaves via the UMS portal.","Rules Safety and Grievance"
"aptitude training info variation 635","Intensive aptitude training starts from the 5th semester.","Placements and Career"
"WiFi access info variation 636","Full campus is WiFi-enabled with high-speed connectivity.","Campus Life"
"PEP classes info variation 637","Professional Enhancement Programs (PEP) prepare students for interviews.","Placements and Career"
"clubs and societies info variation 638","Join 100+ clubs like dancing, coding, and photography.","Campus Life"
"disciplinary committee info variation 639","Strict actions are taken for breaking university rules.","Rules Safety and Grievance"
"admission हेल्पलाइन info variation 640","Contact +91-1824-517000 for any admission-related queries.","Admissions and Administration"
"ID card info variation 641","Always carry your ID card; it's mandatory for entry and exams.","Rules Safety and Grievance"
"admission हेल्पलाइन info variation 642","Contact +91-1824-517000 for any admission-related queries.","Admissions and Administration"
"ETE exams info variation 643","End-term exams are comprehensive and usually hold 60% weightage.","Academic"
"mess options info variation 644","Students can choose between Standard, North Indian, and South Indian mess.","Admissions and Administration"
"ML/DL rules info variation 645","Apply for Medical or Duty leaves via the UMS portal.","Rules Safety and Grievance"
"RMS portal info variation 646","Use the Relationship Management System (RMS) for any complaints.","Rules Safety and Grievance"
"ID card info variation 647","Always carry your ID card; it's mandatory for entry and exams.","Rules Safety and Grievance"
"MTE exams info variation 648","Mid-term exams usually hold 20% weightage in the total grade.","Academic"
"MTE exams info variation 649","Mid-term exams usually hold 20% weightage in the total grade.","Academic"
"fee payment info variation 650","Fees can be paid online via UMS or at the accounts office.","Admissions and Administration"
"attendance policy info variation 651","75% attendance is mandatory for all students to avoid detention.","Academic"
"MTE exams info variation 652","Mid-term exams usually hold 20% weightage in the total grade.","Academic"
"MTE exams info variation 653","Mid-term exams usually hold 20% weightage in the total grade.","Academic"
"CDG cell info variation 654","The Career Development Group (CDG) manages all placement activities.","Placements and Career"
"food courts info variation 655","A-Block and P-Block host major food courts with international brands.","Campus Life"
"attendance policy info variation 656","75% attendance is mandatory for all students to avoid detention.","Academic"
"loan assistance info variation 657","LPU provides assistance for education loans with various banks.","Admissions and Administration"
"uniform policy info variation 658","Formal dress code is mandatory on specified weekdays.","Rules Safety and Grievance"
"anti-ragging info variation 659","LPU has a zero-tolerance policy against ragging.","Rules Safety and Grievance"
"internships info variation 660","LPU helps students secure summer and semester-long internships.","Placements and Career"
"library info variation 661","The central library is open 24/7 during exam periods.","Campus Life"
"attendance policy info variation 662","75% attendance is mandatory for all students to avoid detention.","Academic"
"uniform policy info variation 663","Formal dress code is mandatory on specified weekdays.","Rules Safety and Grievance"
"parking rules info variation 664","Separate parking zones for students and staff; helmets mandatory.","Rules Safety and Grievance"
"admission हेल्पलाइन info variation 665","Contact +91-1824-517000 for any admission-related queries.","Admissions and Administration"
"hostel facilities info variation 666","Hostels include WiFi, laundry, gym, and 24/7 security.","Campus Life"
"alumni network info variation 667","A strong alumni network helps current students with referrals.","Placements and Career"
"sports complex info variation 668","The Shanti Devi Mittal Indoor Sports Complex is world-class.","Campus Life"
"CGPA calculation info variation 669","CGPA is calculated by dividing total grade points by total credits.","Academic"
"internships info variation 670","LPU helps students secure summer and semester-long internships.","Placements and Career"
"gate pass info variation 671","Hostelers need an online gate pass for night outs.","Rules Safety and Grievance"
"disciplinary committee info variation 672","Strict actions are taken for breaking university rules.","Rules Safety and Grievance"
"mess options info variation 673","Students can choose between Standard, North Indian, and South Indian mess.","Admissions and Administration"
"RMS portal info variation 674","Use the Relationship Management System (RMS) for any complaints.","Rules Safety and Grievance"
"CGPA calculation info variation 675","CGPA is calculated by dividing total grade points by total credits.","Academic"
"mess options info variation 676","Students can choose between Standard, North Indian, and South Indian mess.","Admissions and Administration"
"off-campus drives info variation 677","LPU also assists in off-campus placement opportunities.","Placements and Career"
"placement eligibility info variation 678","Usually 6.0+ CGPA and no active backlogs are required.","Placements and Career"
"Teacher Guardian info variation 679","Every student is assigned a TG for academic and personal guidance.","Academic"
"parking rules info variation 680","Separate parking zones for students and staff; helmets mandatory.","Rules Safety and Grievance"
"hostel facilities info variation 681","Hostels include WiFi, laundry, gym, and 24/7 security.","Campus Life"
"ML/DL rules info variation 682","Apply for Medical or Duty leaves via the UMS portal.","Rules Safety and Grievance"
"top recruiters info variation 683","Google, Microsoft, Amazon, and Adobe are regular recruiters.","Placements and Career"
"food courts info variation 684","A-Block and P-Block host major food courts with international brands.","Campus Life"
"scholarship types info variation 685","Scholarships are available based on merit, sports, and social service.","Admissions and Administration"
"MTE exams info variation 686","Mid-term exams usually hold 20% weightage in the total grade.","Academic"
"admission process info variation 687","Apply online at lpu.in and appear for LPUNEST for admission.","Admissions and Administration"
"credit system info variation 688","LPU follows a Choice Based Credit System (CBCS).","Academic"
"minor degrees info variation 689","Students can opt for a minor degree in a different specialization.","Academic"
"Teacher Guardian info variation 690","Every student is assigned a TG for academic and personal guidance.","Academic"
"hostel booking info variation 691","Hostels can be booked during the admission process on a first-come basis.","Admissions and Administration"
"MTE exams info variation 692","Mid-term exams usually hold 20% weightage in the total grade.","Academic"
"PEP classes info variation 693","Professional Enhancement Programs (PEP) prepare students for interviews.","Placements and Career"
"ETE exams info variation 694","End-term exams are comprehensive and usually hold 60% weightage.","Academic"
"food courts info variation 695","A-Block and P-Block host major food courts with international brands.","Campus Life"
"alumni network info variation 696","A strong alumni network helps current students with referrals.","Placements and Career"
"LPUNEST info variation 697","LPUNEST is LPU's entrance and scholarship test.","Admissions and Administration"
"transport info variation 698","Bus services are available for students from nearby cities.","Campus Life"
"admission process info variation 699","Apply online at lpu.in and appear for LPUNEST for admission.","Admissions and Administration"
"top recruiters info variation 700","Google, Microsoft, Amazon, and Adobe are regular recruiters.","Placements and Career"
"document verification info variation 701","Original documents must be verified at the time of admission.","Admissions and Administration"
"transport info variation 702","Bus services are available for students from nearby cities.","Campus Life"
"MTE exams info variation 703","Mid-term exams usually hold 20% weightage in the total grade.","Academic"
"refund policy info variation 704","Refunds are processed as per UGC and university norms.","Admissions and Administration"
"refund policy info variation 705","Refunds are processed as per UGC and university norms.","Admissions and Administration"
"hostel booking info variation 706","Hostels can be booked during the admission process on a first-come basis.","Admissions and Administration"
"mess options info variation 707","Students can choose between Standard, North Indian, and South Indian mess.","Admissions and Administration"
"admission process info variation 708","Apply online at lpu.in and appear for LPUNEST for admission.","Admissions and Administration"
"WiFi access info variation 709","Full campus is WiFi-enabled with high-speed connectivity.","Campus Life"
"CDG cell info variation 710","The Career Development Group (CDG) manages all placement activities.","Placements and Career"
"hostel facilities info variation 711","Hostels include WiFi, laundry, gym, and 24/7 security.","Campus Life"
"ML/DL rules info variation 712","Apply for Medical or Duty leaves via the UMS portal.","Rules Safety and Grievance"
"fee payment info variation 713","Fees can be paid online via UMS or at the accounts office.","Admissions and Administration"
"top recruiters info variation 714","Google, Microsoft, Amazon, and Adobe are regular recruiters.","Placements and Career"
"CDG cell info variation 715","The Career Development Group (CDG) manages all placement activities.","Placements and Career"
"credit system info variation 716","LPU follows a Choice Based Credit System (CBCS).","Academic"
"PEP classes info variation 717","Professional Enhancement Programs (PEP) prepare students for interviews.","Placements and Career"
"RMS portal info variation 718","Use the Relationship Management System (RMS) for any complaints.","Rules Safety and Grievance"
"admission process info variation 719","Apply online at lpu.in and appear for LPUNEST for admission.","Admissions and Administration"
"WiFi access info variation 720","Full campus is WiFi-enabled with high-speed connectivity.","Campus Life"
"Teacher Guardian info variation 721","Every student is assigned a TG for academic and personal guidance.","Academic"
"Teacher Guardian info variation 722","Every student is assigned a TG for academic and personal guidance.","Academic"
"uni-mall info variation 723","The on-campus mall has everything from groceries to electronics.","Campus Life"
"refund policy info variation 724","Refunds are processed as per UGC and university norms.","Admissions and Administration"
"hostel facilities info variation 725","Hostels include WiFi, laundry, gym, and 24/7 security.","Campus Life"
"internships info variation 726","LPU helps students secure summer and semester-long internships.","Placements and Career"
"internships info variation 727","LPU helps students secure summer and semester-long internships.","Placements and Career"
"alumni network info variation 728","A strong alumni network helps current students with referrals.","Placements and Career"
"clubs and societies info variation 729","Join 100+ clubs like dancing, coding, and photography.","Campus Life"
"attendance policy info variation 730","75% attendance is mandatory for all students to avoid detention.","Academic"
"student code of conduct info variation 731","Follow the handbook for all university rules and ethics.","Rules Safety and Grievance"
"food courts info variation 732","A-Block and P-Block host major food courts with international brands.","Campus Life"
"fee payment info variation 733","Fees can be paid online via UMS or at the accounts office.","Admissions and Administration"
"ID card info variation 734","Always carry your ID card; it's mandatory for entry and exams.","Rules Safety and Grievance"
"library info variation 735","The central library is open 24/7 during exam periods.","Campus Life"
"uniform policy info variation 736","Formal dress code is mandatory on specified weekdays.","Rules Safety and Grievance"
"transport info variation 737","Bus services are available for students from nearby cities.","Campus Life"
"medical center info variation 738","LPU has a 24/7 hospital with ambulance services.","Campus Life"
"student code of conduct info variation 739","Follow the handbook for all university rules and ethics.","Rules Safety and Grievance"
"anti-ragging info variation 740","LPU has a zero-tolerance policy against ragging.","Rules Safety and Grievance"
"uni-mall info variation 741","The on-campus mall has everything from groceries to electronics.","Campus Life"
"uniform policy info variation 742","Formal dress code is mandatory on specified weekdays.","Rules Safety and Grievance"
"grade cards info variation 743","Grade cards can be downloaded from the UMS portal after results.","Academic"
"scholarship types info variation 744","Scholarships are available based on merit, sports, and social service.","Admissions and Administration"
"clubs and societies info variation 745","Join 100+ clubs like dancing, coding, and photography.","Campus Life"
"WiFi access info variation 746","Full campus is WiFi-enabled with high-speed connectivity.","Campus Life"
"mess options info variation 747","Students can choose between Standard, North Indian, and South Indian mess.","Admissions and Administration"
"clubs and societies info variation 748","Join 100+ clubs like dancing, coding, and photography.","Campus Life"
"minor degrees info variation 749","Students can opt for a minor degree in a different specialization.","Academic"
"transport info variation 750","Bus services are available for students from nearby cities.","Campus Life"
"MTE exams info variation 751","Mid-term exams usually hold 20% weightage in the total grade.","Academic"
"ML/DL rules info variation 752","Apply for Medical or Duty leaves via the UMS portal.","Rules Safety and Grievance"
"attendance policy info variation 753","75% attendance is mandatory for all students to avoid detention.","Academic"
"internships info variation 754","LPU helps students secure summer and semester-long internships.","Placements and Career"
"off-campus drives info variation 755","LPU also assists in off-campus placement opportunities.","Placements and Career"
"mess options info variation 756","Students can choose between Standard, North Indian, and South Indian mess.","Admissions and Administration"
"alumni network info variation 757","A strong alumni network helps current students with referrals.","Placements and Career"
"internships info variation 758","LPU helps students secure summer and semester-long internships.","Placements and Career"
"highest package info variation 759","LPU has recorded a package as high as 1 crore+ internationally.","Placements and Career"
"off-campus drives info variation 760","LPU also assists in off-campus placement opportunities.","Placements and Career"
"university fests info variation 761","Global Carnival and One India are the biggest annual fests.","Campus Life"
"hostel facilities info variation 762","Hostels include WiFi, laundry, gym, and 24/7 security.","Campus Life"
"disciplinary committee info variation 763","Strict actions are taken for breaking university rules.","Rules Safety and Grievance"
"CDG cell info variation 764","The Career Development Group (CDG) manages all placement activities.","Placements and Career"
"library info variation 765","The central library is open 24/7 during exam periods.","Campus Life"
"transport info variation 766","Bus services are available for students from nearby cities.","Campus Life"
"library info variation 767","The central library is open 24/7 during exam periods.","Campus Life"
"minor degrees info variation 768","Students can opt for a minor degree in a different specialization.","Academic"
"loan assistance info variation 769","LPU provides assistance for education loans with various banks.","Admissions and Administration"
"hostel facilities info variation 770","Hostels include WiFi, laundry, gym, and 24/7 security.","Campus Life"
"internships info variation 771","LPU helps students secure summer and semester-long internships.","Placements and Career"
"minor degrees info variation 772","Students can opt for a minor degree in a different specialization.","Academic"
"LPUNEST info variation 773","LPUNEST is LPU's entrance and scholarship test.","Admissions and Administration"
"security info variation 774","Over 2000 CCTV cameras and 24/7 guards ensure campus safety.","Rules Safety and Grievance"
"CA components info variation 775","Continuous Assessment includes assignments, quizzes, and projects.","Academic"
"LPUNEST info variation 776","LPUNEST is LPU's entrance and scholarship test.","Admissions and Administration"
"uni-mall info variation 777","The on-campus mall has everything from groceries to electronics.","Campus Life"
"library info variation 778","The central library is open 24/7 during exam periods.","Campus Life"
"ETE exams info variation 779","End-term exams are comprehensive and usually hold 60% weightage.","Academic"
"document verification info variation 780","Original documents must be verified at the time of admission.","Admissions and Administration"
"document verification info variation 781","Original documents must be verified at the time of admission.","Admissions and Administration"
"CDG cell info variation 782","The Career Development Group (CDG) manages all placement activities.","Placements and Career"
"document verification info variation 783","Original documents must be verified at the time of admission.","Admissions and Administration"
"off-campus drives info variation 784","LPU also assists in off-campus placement opportunities.","Placements and Career"
"mock interviews info variation 785","Regular mock interviews are held to boost student confidence.","Placements and Career"
"CDG cell info variation 786","The Career Development Group (CDG) manages all placement activities.","Placements and Career"
"uni-mall info variation 787","The on-campus mall has everything from groceries to electronics.","Campus Life"
"library info variation 788","The central library is open 24/7 during exam periods.","Campus Life"
"grade cards info variation 789","Grade cards can be downloaded from the UMS portal after results.","Academic"
"ML/DL rules info variation 790","Apply for Medical or Duty leaves via the UMS portal.","Rules Safety and Grievance"
"hostel booking info variation 791","Hostels can be booked during the admission process on a first-come basis.","Admissions and Administration"
"admission process info variation 792","Apply online at lpu.in and appear for LPUNEST for admission.","Admissions and Administration"
"minor degrees info variation 793","Students can opt for a minor degree in a different specialization.","Academic"
"uniform policy info variation 794","Formal dress code is mandatory on specified weekdays.","Rules Safety and Grievance"
"sports complex info variation 795","The Shanti Devi Mittal Indoor Sports Complex is world-class.","Campus Life"
"mock interviews info variation 796","Regular mock interviews are held to boost student confidence.","Placements and Career"
"uniform policy info variation 797","Formal dress code is mandatory on specified weekdays.","Rules Safety and Grievance"
"minor degrees info variation 798","Students can opt for a minor degree in a different specialization.","Academic"
"uni-mall info variation 799","The on-campus mall has everything from groceries to electronics.","Campus Life"
"security info variation 800","Over 2000 CCTV cameras and 24/7 guards ensure campus safety.","Rules Safety and Grievance"
"CA components info variation 801","Continuous Assessment includes assignments, quizzes, and projects.","Academic"
"mock interviews info variation 802","Regular mock interviews are held to boost student confidence.","Placements and Career"
"ML/DL rules info variation 803","Apply for Medical or Duty leaves via the UMS portal.","Rules Safety and Grievance"
"loan assistance info variation 804","LPU provides assistance for education loans with various banks.","Admissions and Administration"
"anti-ragging info variation 805","LPU has a zero-tolerance policy against ragging.","Rules Safety and Grievance"
"university fests info variation 806","Global Carnival and One India are the biggest annual fests.","Campus Life"
"alumni network info variation 807","A strong alumni network helps current students with referrals.","Placements and Career"
"ETE exams info variation 808","End-term exams are comprehensive and usually hold 60% weightage.","Academic"
"aptitude training info variation 809","Intensive aptitude training starts from the 5th semester.","Placements and Career"
"mock interviews info variation 810","Regular mock interviews are held to boost student confidence.","Placements and Career"
"CGPA calculation info variation 811","CGPA is calculated by dividing total grade points by total credits.","Academic"
"hostel facilities info variation 812","Hostels include WiFi, laundry, gym, and 24/7 security.","Campus Life"
"highest package info variation 813","LPU has recorded a package as high as 1 crore+ internationally.","Placements and Career"
"aptitude training info variation 814","Intensive aptitude training starts from the 5th semester.","Placements and Career"
"placement eligibility info variation 815","Usually 6.0+ CGPA and no active backlogs are required.","Placements and Career"
"scholarship types info variation 816","Scholarships are available based on merit, sports, and social service.","Admissions and Administration"
"uniform policy info variation 817","Formal dress code is mandatory on specified weekdays.","Rules Safety and Grievance"
"ETE exams info variation 818","End-term exams are comprehensive and usually hold 60% weightage.","Academic"
"Teacher Guardian info variation 819","Every student is assigned a TG for academic and personal guidance.","Academic"
"CGPA calculation info variation 820","CGPA is calculated by dividing total grade points by total credits.","Academic"
"CGPA calculation info variation 821","CGPA is calculated by dividing total grade points by total credits.","Academic"
"security info variation 822","Over 2000 CCTV cameras and 24/7 guards ensure campus safety.","Rules Safety and Grievance"
"hostel facilities info variation 823","Hostels include WiFi, laundry, gym, and 24/7 security.","Campus Life"
"admission हेल्पलाइन info variation 824","Contact +91-1824-517000 for any admission-related queries.","Admissions and Administration"
"alumni network info variation 825","A strong alumni network helps current students with referrals.","Placements and Career"
"mess options info variation 826","Students can choose between Standard, North Indian, and South Indian mess.","Admissions and Administration"
"mock interviews info variation 827","Regular mock interviews are held to boost student confidence.","Placements and Career"
"off-campus drives info variation 828","LPU also assists in off-campus placement opportunities.","Placements and Career"
"Teacher Guardian info variation 829","Every student is assigned a TG for academic and personal guidance.","Academic"
"attendance policy info variation 830","75% attendance is mandatory for all students to avoid detention.","Academic"
"CA components info variation 831","Continuous Assessment includes assignments, quizzes, and projects.","Academic"
"PEP classes info variation 832","Professional Enhancement Programs (PEP) prepare students for interviews.","Placements and Career"
"sports complex info variation 833","The Shanti Devi Mittal Indoor Sports Complex is world-class.","Campus Life"
"food courts info variation 834","A-Block and P-Block host major food courts with international brands.","Campus Life"
"clubs and societies info variation 835","Join 100+ clubs like dancing, coding, and photography.","Campus Life"
"loan assistance info variation 836","LPU provides assistance for education loans with various banks.","Admissions and Administration"
"loan assistance info variation 837","LPU provides assistance for education loans with various banks.","Admissions and Administration"
"credit system info variation 838","LPU follows a Choice Based Credit System (CBCS).","Academic"
"clubs and societies info variation 839","Join 100+ clubs like dancing, coding, and photography.","Campus Life"
"LPUNEST info variation 840","LPUNEST is LPU's entrance and scholarship test.","Admissions and Administration"
"student code of conduct info variation 841","Follow the handbook for all university rules and ethics.","Rules Safety and Grievance"
"attendance policy info variation 842","75% attendance is mandatory for all students to avoid detention.","Academic"
"MTE exams info variation 843","Mid-term exams usually hold 20% weightage in the total grade.","Academic"
"uniform policy info variation 844","Formal dress code is mandatory on specified weekdays.","Rules Safety and Grievance"
"mock interviews info variation 845","Regular mock interviews are held to boost student confidence.","Placements and Career"
"hostel booking info variation 846","Hostels can be booked during the admission process on a first-come basis.","Admissions and Administration"
"hostel facilities info variation 847","Hostels include WiFi, laundry, gym, and 24/7 security.","Campus Life"
"security info variation 848","Over 2000 CCTV cameras and 24/7 guards ensure campus safety.","Rules Safety and Grievance"
"hostel facilities info variation 849","Hostels include WiFi, laundry, gym, and 24/7 security.","Campus Life"
"supplementary exams info variation 850","Students can clear backlogs by appearing in supplementary exams.","Academic"
"highest package info variation 851","LPU has recorded a package as high as 1 crore+ internationally.","Placements and Career"
"food courts info variation 852","A-Block and P-Block host major food courts with international brands.","Campus Life"
"document verification info variation 853","Original documents must be verified at the time of admission.","Admissions and Administration"
"RMS portal info variation 854","Use the Relationship Management System (RMS) for any complaints.","Rules Safety and Grievance"
"placement eligibility info variation 855","Usually 6.0+ CGPA and no active backlogs are required.","Placements and Career"
"off-campus drives info variation 856","LPU also assists in off-campus placement opportunities.","Placements and Career"
"library info variation 857","The central library is open 24/7 during exam periods.","Campus Life"
"food courts info variation 858","A-Block and P-Block host major food courts with international brands.","Campus Life"
"hostel booking info variation 859","Hostels can be booked during the admission process on a first-come basis.","Admissions and Administration"
"disciplinary committee info variation 860","Strict actions are taken for breaking university rules.","Rules Safety and Grievance"
"CA components info variation 861","Continuous Assessment includes assignments, quizzes, and projects.","Academic"
"medical center info variation 862","LPU has a 24/7 hospital with ambulance services.","Campus Life"
"medical center info variation 863","LPU has a 24/7 hospital with ambulance services.","Campus Life"
"LPUNEST info variation 864","LPUNEST is LPU's entrance and scholarship test.","Admissions and Administration"
"alumni network info variation 865","A strong alumni network helps current students with referrals.","Placements and Career"
"parking rules info variation 866","Separate parking zones for students and staff; helmets mandatory.","Rules Safety and Grievance"
"document verification info variation 867","Original documents must be verified at the time of admission.","Admissions and Administration"
"document verification info variation 868","Original documents must be verified at the time of admission.","Admissions and Administration"
"fee payment info variation 869","Fees can be paid online via UMS or at the accounts office.","Admissions and Administration"
"refund policy info variation 870","Refunds are processed as per UGC and university norms.","Admissions and Administration"
"Teacher Guardian info variation 871","Every student is assigned a TG for academic and personal guidance.","Academic"
"MTE exams info variation 872","Mid-term exams usually hold 20% weightage in the total grade.","Academic"
"Teacher Guardian info variation 873","Every student is assigned a TG for academic and personal guidance.","Academic"
"gate pass info variation 874","Hostelers need an online gate pass for night outs.","Rules Safety and Grievance"
"anti-ragging info variation 875","LPU has a zero-tolerance policy against ragging.","Rules Safety and Grievance"
"ETE exams info variation 876","End-term exams are comprehensive and usually hold 60% weightage.","Academic"
"loan assistance info variation 877","LPU provides assistance for education loans with various banks.","Admissions and Administration"
"library info variation 878","The central library is open 24/7 during exam periods.","Campus Life"
"minor degrees info variation 879","Students can opt for a minor degree in a different specialization.","Academic"
"grade cards info variation 880","Grade cards can be downloaded from the UMS portal after results.","Academic"
"aptitude training info variation 881","Intensive aptitude training starts from the 5th semester.","Placements and Career"
"uni-mall info variation 882","The on-campus mall has everything from groceries to electronics.","Campus Life"
"ML/DL rules info variation 883","Apply for Medical or Duty leaves via the UMS portal.","Rules Safety and Grievance"
"disciplinary committee info variation 884","Strict actions are taken for breaking university rules.","Rules Safety and Grievance"
"alumni network info variation 885","A strong alumni network helps current students with referrals.","Placements and Career"
"transport info variation 886","Bus services are available for students from nearby cities.","Campus Life"
"RMS portal info variation 887","Use the Relationship Management System (RMS) for any complaints.","Rules Safety and Grievance"
"security info variation 888","Over 2000 CCTV cameras and 24/7 guards ensure campus safety.","Rules Safety and Grievance"
"CGPA calculation info variation 889","CGPA is calculated by dividing total grade points by total credits.","Academic"
"disciplinary committee info variation 890","Strict actions are taken for breaking university rules.","Rules Safety and Grievance"
"internships info variation 891","LPU helps students secure summer and semester-long internships.","Placements and Career"
"mess options info variation 892","Students can choose between Standard, North Indian, and South Indian mess.","Admissions and Administration"
"RMS portal info variation 893","Use the Relationship Management System (RMS) for any complaints.","Rules Safety and Grievance"
"admission process info variation 894","Apply online at lpu.in and appear for LPUNEST for admission.","Admissions and Administration"
"supplementary exams info variation 895","Students can clear backlogs by appearing in supplementary exams.","Academic"
"PEP classes info variation 896","Professional Enhancement Programs (PEP) prepare students for interviews.","Placements and Career"
"university fests info variation 897","Global Carnival and One India are the biggest annual fests.","Campus Life"
"highest package info variation 898","LPU has recorded a package as high as 1 crore+ internationally.","Placements and Career"
"scholarship types info variation 899","Scholarships are available based on merit, sports, and social service.","Admissions and Administration"
"transport info variation 900","Bus services are available for students from nearby cities.","Campus Life"
"LPUNEST info variation 901","LPUNEST is LPU's entrance and scholarship test.","Admissions and Administration"
"gate pass info variation 902","Hostelers need an online gate pass for night outs.","Rules Safety and Grievance"
"anti-ragging info variation 903","LPU has a zero-tolerance policy against ragging.","Rules Safety and Grievance"
"WiFi access info variation 904","Full campus is WiFi-enabled with high-speed connectivity.","Campus Life"
"CDG cell info variation 905","The Career Development Group (CDG) manages all placement activities.","Placements and Career"
"highest package info variation 906","LPU has recorded a package as high as 1 crore+ internationally.","Placements and Career"
"Teacher Guardian info variation 907","Every student is assigned a TG for academic and personal guidance.","Academic"
"CDG cell info variation 908","The Career Development Group (CDG) manages all placement activities.","Placements and Career"
"uniform policy info variation 909","Formal dress code is mandatory on specified weekdays.","Rules Safety and Grievance"
"ETE exams info variation 910","End-term exams are comprehensive and usually hold 60% weightage.","Academic"
"CGPA calculation info variation 911","CGPA is calculated by dividing total grade points by total credits.","Academic"
"Teacher Guardian info variation 912","Every student is assigned a TG for academic and personal guidance.","Academic"
"grade cards info variation 913","Grade cards can be downloaded from the UMS portal after results.","Academic"
"Teacher Guardian info variation 914","Every student is assigned a TG for academic and personal guidance.","Academic"
"minor degrees info variation 915","Students can opt for a minor degree in a different specialization.","Academic"
"security info variation 916","Over 2000 CCTV cameras and 24/7 guards ensure campus safety.","Rules Safety and Grievance"
"anti-ragging info variation 917","LPU has a zero-tolerance policy against ragging.","Rules Safety and Grievance"
"Teacher Guardian info variation 918","Every student is assigned a TG for academic and personal guidance.","Academic"
"Teacher Guardian info variation 919","Every student is assigned a TG for academic and personal guidance.","Academic"
"document verification info variation 920","Original documents must be verified at the time of admission.","Admissions and Administration"
"medical center info variation 921","LPU has a 24/7 hospital with ambulance services.","Campus Life"
"placement eligibility info variation 922","Usually 6.0+ CGPA and no active backlogs are required.","Placements and Career"
"RMS portal info variation 923","Use the Relationship Management System (RMS) for any complaints.","Rules Safety and Grievance"
"admission हेल्पलाइन info variation 924","Contact +91-1824-517000 for any admission-related queries.","Admissions and Administration"
"CA components info variation 925","Continuous Assessment includes assignments, quizzes, and projects.","Academic"
"highest package info variation 926","LPU has recorded a package as high as 1 crore+ internationally.","Placements and Career"
"placement eligibility info variation 927","Usually 6.0+ CGPA and no active backlogs are required.","Placements and Career"
"admission हेल्पलाइन info variation 928","Contact +91-1824-517000 for any admission-related queries.","Admissions and Administration"
"grade cards info variation 929","Grade cards can be downloaded from the UMS portal after results.","Academic"
"MTE exams info variation 930","Mid-term exams usually hold 20% weightage in the total grade.","Academic"
"fee payment info variation 931","Fees can be paid online via UMS or at the accounts office.","Admissions and Administration"
"minor degrees info variation 932","Students can opt for a minor degree in a different specialization.","Academic"
"anti-ragging info variation 933","LPU has a zero-tolerance policy against ragging.","Rules Safety and Grievance"
"CDG cell info variation 934","The Career Development Group (CDG) manages all placement activities.","Placements and Career"
"minor degrees info variation 935","Students can opt for a minor degree in a different specialization.","Academic"
"alumni network info variation 936","A strong alumni network helps current students with referrals.","Placements and Career"
"mess options info variation 937","Students can choose between Standard, North Indian, and South Indian mess.","Admissions and Administration"
"RMS portal info variation 938","Use the Relationship Management System (RMS) for any complaints.","Rules Safety and Grievance"
"hostel facilities info variation 939","Hostels include WiFi, laundry, gym, and 24/7 security.","Campus Life"
"refund policy info variation 940","Refunds are processed as per UGC and university norms.","Admissions and Administration"
"top recruiters info variation 941","Google, Microsoft, Amazon, and Adobe are regular recruiters.","Placements and Career"
"security info variation 942","Over 2000 CCTV cameras and 24/7 guards ensure campus safety.","Rules Safety and Grievance"
"off-campus drives info variation 943","LPU also assists in off-campus placement opportunities.","Placements and Career"
"student code of conduct info variation 944","Follow the handbook for all university rules and ethics.","Rules Safety and Grievance"
"sports complex info variation 945","The Shanti Devi Mittal Indoor Sports Complex is world-class.","Campus Life"
"security info variation 946","Over 2000 CCTV cameras and 24/7 guards ensure campus safety.","Rules Safety and Grievance"
"ETE exams info variation 947","End-term exams are comprehensive and usually hold 60% weightage.","Academic"
"CGPA calculation info variation 948","CGPA is calculated by dividing total grade points by total credits.","Academic"
"CA components info variation 949","Continuous Assessment includes assignments, quizzes, and projects.","Academic"
"alumni network info variation 950","A strong alumni network helps current students with referrals.","Placements and Career"
"transport info variation 951","Bus services are available for students from nearby cities.","Campus Life"
"food courts info variation 952","A-Block and P-Block host major food courts with international brands.","Campus Life"
"placement eligibility info variation 953","Usually 6.0+ CGPA and no active backlogs are required.","Placements and Career"
"LPUNEST info variation 954","LPUNEST is LPU's entrance and scholarship test.","Admissions and Administration"
"mess options info variation 955","Students can choose between Standard, North Indian, and South Indian mess.","Admissions and Administration"
"student code of conduct info variation 956","Follow the handbook for all university rules and ethics.","Rules Safety and Grievance"
"uni-mall info variation 957","The on-campus mall has everything from groceries to electronics.","Campus Life"
"medical center info variation 958","LPU has a 24/7 hospital with ambulance services.","Campus Life"
"fee payment info variation 959","Fees can be paid online via UMS or at the accounts office.","Admissions and Administration"
"grade cards info variation 960","Grade cards can be downloaded from the UMS portal after results.","Academic"
"mock interviews info variation 961","Regular mock interviews are held to boost student confidence.","Placements and Career"
"placement eligibility info variation 962","Usually 6.0+ CGPA and no active backlogs are required.","Placements and Career"
"security info variation 963","Over 2000 CCTV cameras and 24/7 guards ensure campus safety.","Rules Safety and Grievance"
"scholarship types info variation 964","Scholarships are available based on merit, sports, and social service.","Admissions and Administration"
"attendance policy info variation 965","75% attendance is mandatory for all students to avoid detention.","Academic"
"top recruiters info variation 966","Google, Microsoft, Amazon, and Adobe are regular recruiters.","Placements and Career"
"loan assistance info variation 967","LPU provides assistance for education loans with various banks.","Admissions and Administration"
"ID card info variation 968","Always carry your ID card; it's mandatory for entry and exams.","Rules Safety and Grievance"
"mess options info variation 969","Students can choose between Standard, North Indian, and South Indian mess.","Admissions and Administration"
"alumni network info variation 970","A strong alumni network helps current students with referrals.","Placements and Career"
"mock interviews info variation 971","Regular mock interviews are held to boost student confidence.","Placements and Career"
"CA components info variation 972","Continuous Assessment includes assignments, quizzes, and projects.","Academic"
"hostel facilities info variation 973","Hostels include WiFi, laundry, gym, and 24/7 security.","Campus Life"
"ETE exams info variation 974","End-term exams are comprehensive and usually hold 60% weightage.","Academic"
"CDG cell info variation 975","The Career Development Group (CDG) manages all placement activities.","Placements and Career"
"gate pass info variation 976","Hostelers need an online gate pass for night outs.","Rules Safety and Grievance"
"medical center info variation 977","LPU has a 24/7 hospital with ambulance services.","Campus Life"
"Teacher Guardian info variation 978","Every student is assigned a TG for academic and personal guidance.","Academic"
"CA components info variation 979","Continuous Assessment includes assignments, quizzes, and projects.","Academic"
"LPUNEST info variation 980","LPUNEST is LPU's entrance and scholarship test.","Admissions and Administration"
"credit system info variation 981","LPU follows a Choice Based Credit System (CBCS).","Academic"
"CA components info variation 982","Continuous Assessment includes assignments, quizzes, and projects.","Academic"
"gate pass info variation 983","Hostelers need an online gate pass for night outs.","Rules Safety and Grievance"
"RMS portal info variation 984","Use the Relationship Management System (RMS) for any complaints.","Rules Safety and Grievance"
"LPUNEST info variation 985","LPUNEST is LPU's entrance and scholarship test.","Admissions and Administration"
"uni-mall info variation 986","The on-campus mall has everything from groceries to electronics.","Campus Life"
"aptitude training info variation 987","Intensive aptitude training starts from the 5th semester.","Placements and Career"
"gate pass info variation 988","Hostelers need an online gate pass for night outs.","Rules Safety and Grievance"
"internships info variation 989","LPU helps students secure summer and semester-long internships.","Placements and Career"
"scholarship types info variation 990","Scholarships are available based on merit, sports, and social service.","Admissions and Administration"
"document verification info variation 991","Original documents must be verified at the time of admission.","Admissions and Administration"
"mess options info variation 992","Students can choose between Standard, North Indian, and South Indian mess.","Admissions and Administration"
"highest package info variation 993","LPU has recorded a package as high as 1 crore+ internationally.","Placements and Career"
"Teacher Guardian info variation 994","Every student is assigned a TG for academic and personal guidance.","Academic"
"fee payment info variation 995","Fees can be paid online via UMS or at the accounts office.","Admissions and Administration"
"attendance policy info variation 996","75% attendance is mandatory for all students to avoid detention.","Academic"
"minor degrees info variation 997","Students can opt for a minor degree in a different specialization.","Academic"
"CA components info variation 998","Continuous Assessment includes assignments, quizzes, and projects.","Academic"
"loan assistance info variation 999","LPU provides assistance for education loans with various banks.","Admissions and Administration"
"MTE exams info variation 1000","Mid-term exams usually hold 20% weightage in the total grade.","Academic"
"uni-mall info variation 1001","The on-campus mall has everything from groceries to electronics.","Campus Life"
"credit system info variation 1002","LPU follows a Choice Based Credit System (CBCS).","Academic"
"CDG cell info variation 1003","The Career Development Group (CDG) manages all placement activities.","Placements and Career"
"disciplinary committee info variation 1004","Strict actions are taken for breaking university rules.","Rules Safety and Grievance"
"CGPA calculation info variation 1005","CGPA is calculated by dividing total grade points by total credits.","Academic"
"disciplinary committee info variation 1006","Strict actions are taken for breaking university rules.","Rules Safety and Grievance"
"mess options info variation 1007","Students can choose between Standard, North Indian, and South Indian mess.","Admissions and Administration"
"WiFi access info variation 1008","Full campus is WiFi-enabled with high-speed connectivity.","Campus Life"
"supplementary exams info variation 1009","Students can clear backlogs by appearing in supplementary exams.","Academic"
"aptitude training info variation 1010","Intensive aptitude training starts from the 5th semester.","Placements and Career"
"admission process info variation 1011","Apply online at lpu.in and appear for LPUNEST for admission.","Admissions and Administration"
"supplementary exams info variation 1012","Students can clear backlogs by appearing in supplementary exams.","Academic"
"loan assistance info variation 1013","LPU provides assistance for education loans with various banks.","Admissions and Administration"
"PEP classes info variation 1014","Professional Enhancement Programs (PEP) prepare students for interviews.","Placements and Career"
"credit system info variation 1015","LPU follows a Choice Based Credit System (CBCS).","Academic"
"minor degrees info variation 1016","Students can opt for a minor degree in a different specialization.","Academic"
"CA components info variation 1017","Continuous Assessment includes assignments, quizzes, and projects.","Academic"
"ID card info variation 1018","Always carry your ID card; it's mandatory for entry and exams.","Rules Safety and Grievance"
"parking rules info variation 1019","Separate parking zones for students and staff; helmets mandatory.","Rules Safety and Grievance"
"loan assistance info variation 1020","LPU provides assistance for education loans with various banks.","Admissions and Administration"
"internships info variation 1021","LPU helps students secure summer and semester-long internships.","Placements and Career"
"WiFi access info variation 1022","Full campus is WiFi-enabled with high-speed connectivity.","Campus Life"
"credit system info variation 1023","LPU follows a Choice Based Credit System (CBCS).","Academic"
"gate pass info variation 1024","Hostelers need an online gate pass for night outs.","Rules Safety and Grievance"
"food courts info variation 1025","A-Block and P-Block host major food courts with international brands.","Campus Life"
"student code of conduct info variation 1026","Follow the handbook for all university rules and ethics.","Rules Safety and Grievance"
"placement eligibility info variation 1027","Usually 6.0+ CGPA and no active backlogs are required.","Placements and Career"
"security info variation 1028","Over 2000 CCTV cameras and 24/7 guards ensure campus safety.","Rules Safety and Grievance"
"ML/DL rules info variation 1029","Apply for Medical or Duty leaves via the UMS portal.","Rules Safety and Grievance"
"admission हेल्पलाइन info variation 1030","Contact +91-1824-517000 for any admission-related queries.","Admissions and Administration"
"library info variation 1031","The central library is open 24/7 during exam periods.","Campus Life"
"admission process info variation 1032","Apply online at lpu.in and appear for LPUNEST for admission.","Admissions and Administration"
"CA components info variation 1033","Continuous Assessment includes assignments, quizzes, and projects.","Academic"
"attendance policy info variation 1034","75% attendance is mandatory for all students to avoid detention.","Academic"
"parking rules info variation 1035","Separate parking zones for students and staff; helmets mandatory.","Rules Safety and Grievance"
"gate pass info variation 1036","Hostelers need an online gate pass for night outs.","Rules Safety and Grievance"
"mess options info variation 1037","Students can choose between Standard, North Indian, and South Indian mess.","Admissions and Administration"
"fee payment info variation 1038","Fees can be paid online via UMS or at the accounts office.","Admissions and Administration"
"sports complex info variation 1039","The Shanti Devi Mittal Indoor Sports Complex is world-class.","Campus Life"
"off-campus drives info variation 1040","LPU also assists in off-campus placement opportunities.","Placements and Career"
"medical center info variation 1041","LPU has a 24/7 hospital with ambulance services.","Campus Life"
"university fests info variation 1042","Global Carnival and One India are the biggest annual fests.","Campus Life"
"gate pass info variation 1043","Hostelers need an online gate pass for night outs.","Rules Safety and Grievance"
"ETE exams info variation 1044","End-term exams are comprehensive and usually hold 60% weightage.","Academic"
"student code of conduct info variation 1045","Follow the handbook for all university rules and ethics.","Rules Safety and Grievance"
"mock interviews info variation 1046","Regular mock interviews are held to boost student confidence.","Placements and Career"
"WiFi access info variation 1047","Full campus is WiFi-enabled with high-speed connectivity.","Campus Life"
"RMS portal info variation 1048","Use the Relationship Management System (RMS) for any complaints.","Rules Safety and Grievance"
"disciplinary committee info variation 1049","Strict actions are taken for breaking university rules.","Rules Safety and Grievance"
"disciplinary committee info variation 1050","Strict actions are taken for breaking university rules.","Rules Safety and Grievance"
"credit system info variation 1051","LPU follows a Choice Based Credit System (CBCS).","Academic"
"credit system info variation 1052","LPU follows a Choice Based Credit System (CBCS).","Academic"
"aptitude training info variation 1053","Intensive aptitude training starts from the 5th semester.","Placements and Career"
"sports complex info variation 1054","The Shanti Devi Mittal Indoor Sports Complex is world-class.","Campus Life"
"MTE exams info variation 1055","Mid-term exams usually hold 20% weightage in the total grade.","Academic"
"document verification info variation 1056","Original documents must be verified at the time of admission.","Admissions and Administration"
"fee payment info variation 1057","Fees can be paid online via UMS or at the accounts office.","Admissions and Administration"
"grade cards info variation 1058","Grade cards can be downloaded from the UMS portal after results.","Academic"
"medical center info variation 1059","LPU has a 24/7 hospital with ambulance services.","Campus Life"
"minor degrees info variation 1060","Students can opt for a minor degree in a different specialization.","Academic"
"supplementary exams info variation 1061","Students can clear backlogs by appearing in supplementary exams.","Academic"
"attendance policy info variation 1062","75% attendance is mandatory for all students to avoid detention.","Academic"
"MTE exams info variation 1063","Mid-term exams usually hold 20% weightage in the total grade.","Academic"
"ETE exams info variation 1064","End-term exams are comprehensive and usually hold 60% weightage.","Academic"
"refund policy info variation 1065","Refunds are processed as per UGC and university norms.","Admissions and Administration"
"student code of conduct info variation 1066","Follow the handbook for all university rules and ethics.","Rules Safety and Grievance"
"WiFi access info variation 1067","Full campus is WiFi-enabled with high-speed connectivity.","Campus Life"
"off-campus drives info variation 1068","LPU also assists in off-campus placement opportunities.","Placements and Career"
"supplementary exams info variation 1069","Students can clear backlogs by appearing in supplementary exams.","Academic"
"admission process info variation 1070","Apply online at lpu.in and appear for LPUNEST for admission.","Admissions and Administration"
"medical center info variation 1071","LPU has a 24/7 hospital with ambulance services.","Campus Life"
"loan assistance info variation 1072","LPU provides assistance for education loans with various banks.","Admissions and Administration"
"Teacher Guardian info variation 1073","Every student is assigned a TG for academic and personal guidance.","Academic"
"Teacher Guardian info variation 1074","Every student is assigned a TG for academic and personal guidance.","Academic"
"library info variation 1075","The central library is open 24/7 during exam periods.","Campus Life"
"alumni network info variation 1076","A strong alumni network helps current students with referrals.","Placements and Career"
"mock interviews info variation 1077","Regular mock interviews are held to boost student confidence.","Placements and Career"
"CDG cell info variation 1078","The Career Development Group (CDG) manages all placement activities.","Placements and Career"
"document verification info variation 1079","Original documents must be verified at the time of admission.","Admissions and Administration"
"WiFi access info variation 1080","Full campus is WiFi-enabled with high-speed connectivity.","Campus Life"
"ETE exams info variation 1081","End-term exams are comprehensive and usually hold 60% weightage.","Academic"
"document verification info variation 1082","Original documents must be verified at the time of admission.","Admissions and Administration"
"uniform policy info variation 1083","Formal dress code is mandatory on specified weekdays.","Rules Safety and Grievance"
"LPUNEST info variation 1084","LPUNEST is LPU's entrance and scholarship test.","Admissions and Administration"
"credit system info variation 1085","LPU follows a Choice Based Credit System (CBCS).","Academic"
"aptitude training info variation 1086","Intensive aptitude training starts from the 5th semester.","Placements and Career"
"WiFi access info variation 1087","Full campus is WiFi-enabled with high-speed connectivity.","Campus Life"
"alumni network info variation 1088","A strong alumni network helps current students with referrals.","Placements and Career"
"CA components info variation 1089","Continuous Assessment includes assignments, quizzes, and projects.","Academic"
"grade cards info variation 1090","Grade cards can be downloaded from the UMS portal after results.","Academic"
"highest package info variation 1091","LPU has recorded a package as high as 1 crore+ internationally.","Placements and Career"
"alumni network info variation 1092","A strong alumni network helps current students with referrals.","Placements and Career"
"CGPA calculation info variation 1093","CGPA is calculated by dividing total grade points by total credits.","Academic"
"university fests info variation 1094","Global Carnival and One India are the biggest annual fests.","Campus Life"
"ID card info variation 1095","Always carry your ID card; it's mandatory for entry and exams.","Rules Safety and Grievance"
"ML/DL rules info variation 1096","Apply for Medical or Duty leaves via the UMS portal.","Rules Safety and Grievance"
"credit system info variation 1097","LPU follows a Choice Based Credit System (CBCS).","Academic"
"medical center info variation 1098","LPU has a 24/7 hospital with ambulance services.","Campus Life"
"admission process info variation 1099","Apply online at lpu.in and appear for LPUNEST for admission.","Admissions and Administration"
