Question,Answer,Mode
What is the grading system at LPU?,"LPU follows a 10-point CGPA system with letter grades. Grade O (Outstanding) = 10, A+ (Excellent) = 9, A (Very Good) = 8, B+ (Good) = 7, B (Above Average) = 6, C (Average) = 5, P (Pass) = 4. The CGPA is calculated as the weighted average of grade points earned in all courses. Percentage conversion formula: (CGPA - 0.5) × 10.",Academic
How to check attendance on UMS?,Login to LPU UMS (University Management System) at ums.lpu.in using your registration number and password. Go to 'Attendance' tab → Select semester → View subject-wise attendance percentage. You can also download detailed attendance reports. Minimum 75% attendance is mandatory in each subject for appearing in end-term examinations.,Academic
What is the examination pattern?,"LPU conducts two internal assessments (20% each) and one end-term examination (60%). Mid-term exam (20%) after 7-8 weeks, Terminal exam (20%) after 14-15 weeks, and Final exam (60%) at semester end. Total marks: 100 per subject. Practical subjects have continuous evaluation pattern with lab work assessment.",Academic
What is the library timing?,"Central Library timings: Monday-Saturday 8:00 AM to 12:00 Midnight, Sunday 9:00 AM to 9:00 PM. During exams: 24×7 open. Block-wise libraries: 8 AM to 8 PM. E-library access available 24/7 online. Members can borrow 5 books for 15 days. Late return fine: ₹5 per day per book.",Academic
How to access online journals?,"Access through LPU Library portal → E-Resources → Database list. LPU subscribes to IEEE, Springer, Elsevier, EBSCO, ProQuest, and 40+ databases. Use VPN (download from IT Services) for off-campus access. Login with UMS credentials. Technical support: lib@lpu.co.in or extension 2250.",Academic
What is the minimum passing marks?,Minimum 40% in end-term exam AND 40% aggregate (internals + end-term) to pass. Failing end-term even with high internals = Fail. Failing aggregate even with passing end-term = Fail. Re-appear exam fee: ₹1500 per paper. Maximum 2 re-appear attempts allowed.,Academic
How to change elective subjects?,"Subject change allowed only in first 2 weeks of semester. Procedure: Download change form from UMS → Get HOD approval → Submit to Academic Affairs → Pay processing fee ₹500. Subject change depends on seat availability. Core subjects cannot be changed, only electives.",Academic
What is academic probation?,"Student placed on probation if CGPA falls below 5.0 at semester end. Probation conditions: Attend mandatory counseling, Cannot participate in placements, Cannot hold student body positions. Must achieve 5.5+ CGPA in next semester to come out of probation. Continuous poor performance may lead to program termination.",Academic
How to get transcripts?,"Apply through UMS → Student Services → Transcript Request. Processing time: 7-10 working days. Fee: ₹500 for Indian universities, ₹1500 for foreign universities. Collected from Academic Block-A counter 12. Courier available for ₹200 extra. Original mark sheets + degree required for verification.",Academic
What is the grace marks policy?,"Grace marks not applicable at LPU. However, benefit of doubt rule: If marks are 38-39.75, rounded to 40 (passing). This applies only to end-term exam, not aggregate. Grace marks petition can be filed for medical/family emergency during exams with valid proof.",Academic
How to register for courses?,"Course registration opens in first week of semester. Login UMS → Academics → Course Registration → Select courses from eligible list. System shows pre-requisites, timings, credits. Confirm selection and lock. Late registration: Week 2 with ₹1000 penalty. No registration after week 2.",Academic
What is the attendance calculation?,"Attendance = (Classes Attended / Total Classes Conducted) × 100. Includes theory, practical, tutorial classes. Medical leave counted as absent unless supported by medical certificate from LPU Hospital within 3 days. Sports/official duty: Submit leave form before event for attendance marking.",Academic
How to apply for semester break?,"Semester break (leave of absence) allowed for medical/personal reasons. Apply at Academic Affairs → Submit reason, documents → Get approval from Dean. Maximum 2 semesters break in entire program. Fee: Full registration fee + ₹10,000 semester retention fee. Re-admission not guaranteed.",Academic
What is the syllabus coverage policy?,Faculty must complete 100% syllabus before end-term. Syllabus uploaded on UMS at semester start. Weekly lecture plan followed strictly. Students can report incomplete syllabus to HOD. Syllabus completion certificate issued by HOD before exams. Incomplete syllabus allows question paper modification.,Academic
How to access study materials?,"Materials available on: 1) UMS → Course Content → Download PPT/PDF, 2) LMS Blackboard → Course → Content, 3) LPU Knowledge Hub app, 4) Faculty shared Google Drive links. Video lectures on LPU YouTube channel. Previous year papers in library archives section.",Academic
What is the project/thesis guideline?,"Final year project mandatory for B.Tech/M.Tech. Choose guide in 7th semester. Submit synopsis within 2 weeks. Mid-term presentation in week 12, Final defense in week 18. Report format: 50-80 pages, IEEE format. Plagiarism check mandatory (max 15% allowed). Evaluated by internal + external examiner.",Academic
How to convert CGPA to percentage?,"Official LPU conversion: Percentage = (CGPA - 0.5) × 10. Example: 8.5 CGPA = (8.5 - 0.5) × 10 = 80%. This formula used for placements, further studies, scholarships. Conversion certificate available from Academic Affairs on request for ₹200. Processing time: 3 days.",Academic
What is the makeup class policy?,"Makeup classes scheduled for: National holidays falling on working days, Faculty on leave, Syllabus backlog. Classes on Saturdays 2-6 PM or after 5 PM on weekdays. Attendance mandatory. Schedule published on UMS notice board. Proxy marking in makeup = disciplinary action.",Academic
How to apply for scholarship based on academics?,"Merit scholarships: CGPA 9.5+ (100% fee waiver), 9.0-9.49 (75%), 8.5-8.99 (50%), 8.0-8.49 (25%). Applied automatically based on previous semester CGPA. Credited direct to fee account. Maintained each semester. First semester based on entrance rank/board percentage.",Academic
What is the lab assessment criteria?,"Lab evaluation: Regular work (60%), Viva (20%), Final exam (20%). Minimum 75% lab attendance mandatory. Each experiment: Pre-lab (5), Observation (15), Result (10), Viva (5). Submit all lab files before end-term. Incomplete submissions = re-register entire lab next semester.",Academic
How to get permission for extra-curricular activities?,"Apply 15 days before event through UMS → Student Activities → Permission Request. Get faculty advisor signature → HOD approval → Dean signature. If classes missed: Submit makeup plan, attendance compensation plan. Maximum 7 days per semester for activities without affecting attendance.",Academic
What is the PhD admission process?,"Eligibility: Master's degree with 55% marks (50% for SC/ST). Entrance test in January/July. Pattern: Research Aptitude (25), Subject Knowledge (50), General Awareness (25). Shortlisted candidates: Interview + presentation. Admission based on entrance + interview (70:30). Fellowship: ₹31,000/month for NET/GATE.",Academic
How to access previous semester marks?,"Login UMS → Examinations → Result → Select semester → View detailed marks. Download mark sheet PDF. Detailed marks show: Internal marks breakdown, Mid-term marks, Terminal marks, End-term marks, Total marks, Grade, Grade points. Grade card issued within 15 days of result.",Academic
What is the backlog examination process?,"Backlog/re-appear exams conducted with regular semester exams. Register on UMS in first week. Fee: ₹1500 per paper. Appear with junior batch. Max 2 attempts. If failed in 2 attempts, must re-register as regular student in next semester. Backlog clearance mandatory for degree.",Academic
How to apply for transcript for foreign university?,"International transcript application: Submit passport copy, University name/address, Purpose, Number of copies needed. Fee: ₹1500 per copy. Processing: 10-15 days. Attestation: MEA/HRD (arrange yourself or pay ₹3000 to LPU). Courier: DHL/FedEx (₹2500 per country). WES/ECE evaluation guidance available.",Academic
What is the internship credit policy?,"Summer internship (6-8 weeks) carries 2-4 credits in most programs. Mandatory for engineering students. Find internship yourself or through T&P cell. Submit: Offer letter, Attendance proof, Completion certificate, Project report. Evaluation by faculty coordinator. Minimum 'B' grade required. Counts toward total credit requirement.",Academic
How to access WiFi on campus?,"Campus-wide WiFi coverage. Connect to SSID 'LPU-Student'. Login with UMS credentials (@lpu.co.in email). Speed: 20Mbps per user. Usage limit: 10GB/day. Access to educational websites unlimited. Social media 8 PM-11 PM only. Download LPU Network app for auto-login. Technical issues: IT Helpdesk, Block 32, ext. 2200.",Academic
What is the LPU admission process?,"LPU admission process: 1) Visit lpu.in and click 'Apply Online', 2) Fill application form with personal/academic details, 3) Pay application fee ₹1000 (non-refundable), 4) Appear for LPUNEST (LPU National Entrance and Scholarship Test) or submit JEE/NEET scores, 5) Check merit list on portal, 6) If selected, pay admission fee, 7) Submit documents: 10th/12th mark sheets, transfer certificate, migration certificate, Aadhar card, photos, 8) Complete biometric registration. Admission confirmed after document verification and full fee payment.",Admissions and Administration
What is the fee structure for B.Tech?,"B.Tech fee structure (2024-25): Tuition fee ₹1,60,000 per year (₹80,000 per semester), Hostel AC: ₹1,15,000/year, Non-AC: ₹95,000/year, Mess: ₹45,000/year, Onetotime charges: ₹25,000 (admission + alumni + ID card + medical). Total: Approx ₹3,45,000/year for AC hostel, ₹3,25,000/year for non-AC. Scholarships available based on rank. Fee payable semester-wise. EMI options available.",Admissions and Administration
What documents are required for admission?,"Required documents for LPU admission: 1) Class 10th mark sheet + certificate (original + 1 copy), 2) Class 12th mark sheet + certificate (original + 1 copy), 3) Transfer Certificate from last institution (original), 4) Migration Certificate from previous board (original), 5) Character Certificate (original), 6) Passport size photographs (10 copies), 7) Aadhar Card (copy), 8) Caste certificate (for SC/ST/OBC, original), 9) Income certificate (for scholarships, if applicable), 10) Gap affidavit (if gap year taken, notarized). Documents verified during admission.",Admissions and Administration
What scholarships are available?,"LPU Scholarships 2024: 1) LPUNEST-based: Rank 1-500: 100% tuition waiver, 501-2000: 75%, 2001-5000: 50%, 5001-10000: 30%, 10001-25000: 20%. 2) Board-based (12th): 90%+: ₹1,00,000/year, 80-90%: ₹75,000/year, 70-80%: ₹50,000/year. 3) JEE Advanced: Rank 1-10000: 100%, 10001-20000: 50%. 4) JEE Main: Percentile 90+: ₹1,00,000. 5) Sports/Cultural: National level: 100%, State level: 50%. 6) Need-based: Up to 25% for financial hardship. Scholarships renewable based on CGPA 7.5+.",Admissions and Administration
What is LPUNEST exam pattern?,"LPUNEST (LPU National Entrance and Scholarship Test) Pattern: Duration: 2 hours (120 minutes), Questions: 120 MCQs (4 options), Marking: +1 for correct, -0.25 for wrong, Sections: English (30), Mathematics (60), General Knowledge (30) for Engineering. For Management: Logical Reasoning, English, Maths, GK. Mode: Online (CBT - Computer Based Test). Conducted: 5-6 times annually (Jan, Feb, Apr, May, Jun, Jul). Registration: Free online. Used for: Admission + Scholarship eligibility + Seat allotment.",Admissions and Administration
Can I get admission without entrance exam?,"Yes, admission without entrance exam possible through: 1) JEE Main/Advanced scores (B.Tech), 2) NEET scores (MBBS/BDS/Pharmacy), 3) CAT/MAT/XAT scores (MBA), 4) Board percentage (for some programs), 5) Direct admission for top board scorers (95%+ in 12th). However, LPUNEST recommended for scholarship opportunities. Scholarship eligibility requires LPUNEST or national test scores. Direct admission fee usually higher than scholarship routes.",Admissions and Administration
What is the last date for admission?,"LPU Admission deadlines: Engineering/Technology: July 31st, Management courses: June 30th, Agriculture/Hotel Management: July 15th, Design/Architecture: June 15th, Law/Pharmacy: July 31st. However, seats on first-come-first-serve basis. Early birds get better hostel rooms + scholarship opportunities. Late admissions (August) subject to seat availability. International students: Rolling admissions till semester start. Spot admissions during July-August at campus.",Admissions and Administration
What is the hostel allocation process?,"Hostel allocation: After admission confirmation, hostel form online on UMS, Preference: AC/Non-AC, Single/Double/Triple sharing, Block preference (Boys: 30-41, Girls: 14-28), Allocation: Based on payment date (first come first serve), Fee payment: Advance hostel fee with admission, Allotment: Room number sent via SMS + Email, Check-in: During admission days with parents, Room change: Only first 2 weeks of semester, Refund: If cancelled before semester start (processing charges apply).",Admissions and Administration
Is there any age limit for admission?,"Age criteria: No maximum age limit for undergraduate/postgraduate programs. Minimum age: 17 years as on December 31 of admission year for UG programs, 21 years for PG programs. For diploma courses: 15+ years. PhD: No age limit. Foreign students: Follow respective country norms. Gap years: Acceptable with valid reason, Gap affidavit required if gap >1 year. Relaxation for reserved categories as per GoI norms.",Admissions and Administration
Can I change my course after admission?,"Course change policy: Allowed within first 15 days of semester start, Conditions: Eligibility criteria of new course must be met, Seat availability in new course, No refund of fees paid, Pay difference if new course fee higher, Approval from both departments + Dean Academics required, Form: Download from UMS → Academic Affairs, Processing fee: ₹5000. Not allowed: After 15 days, Between different schools (Engineering to Management), If scholarship holder. Final decision by Academic Committee.",Admissions and Administration
How to apply for education loan?,"Education Loan for LPU: Partner banks: SBI, PNB, HDFC, ICICI, Axis Bank, Loan amount: Up to ₹20 lakhs (₹30L for foreign studies), Interest rate: 8-12% (girl students get 0.5% rebate), Processing: Collateral required above ₹7.5L, Documents: Admission letter, Fee structure, Mark sheets, Parents' income proof, Collateral documents. Process: Apply at bank→Submit documents→Valuation→Approval (7-15 days)→Loan disbursal to university directly. LPU Loan Cell: Block-5, ext 2222. Scholar scheme: Central govt subsidy on interest for economically weaker sections.",Admissions and Administration
What is the seat reservation policy?,"LPU Reservation: SC: 15%, ST: 7.5%, OBC (Non-creamy layer): 27%, EWS (Rs<8L income): 10%, Persons with Disability (PwD): 5%, Kashmiri Migrants: 1%, Defense personnel children: 5%. Relaxation: 5% marks or one grade point, Age relaxation: 5 years, Scholarship priority. Documents required: Caste certificate from SDM/Tehsildar, Income certificate for EWS, Disability certificate from medical board. Verification at admission time. False certificate: Cancellation + police case.",Admissions and Administration
How to transfer to LPU from another university?,"Lateral entry/migration to LPU: Eligibility: Similar program at previous university, Minimum 60% marks in previous semesters, No backlogs, Admission: Apply through lateral entry form, Submit: All previous semester mark sheets, Syllabus comparison, Transfer certificate, Migration certificate, Credit transfer: Possible if 70%+ syllabus match, Evaluation: By Academic Committee, Credit exemption maximum: 60% of total credits, Hostel: Fresh allocation needed, Fee: Current batch fees applicable. Processing time: 2-3 weeks. Applications accepted: May-June for odd semester.",Admissions and Administration
Can international students apply?,"Yes! LPU welcomes international students from 60+ countries. Eligibility: Equivalent to Indian 10+2 (UG) or Bachelor's (PG), IELTS/TOEFL for English proficiency, Valid passport + Student visa, Minimum 60% aggregate, Medical fitness certificate. Admission: Apply online→Document verification→Visa assistance→Arrival support. Fee: Same as Indian students (foreign students can't avail merit scholarships but can get percentage-based). Services: Airport pickup, Orientation, Local guardian arrangement, International Student Office: Block-34. Documents legalization: From MEA/Indian Embassy required. Over 3000 international students currently enrolled.",Admissions and Administration
What is the migration process after admission?,"Course migration: Not allowed in first semester, From 2nd semester onwards: Apply with 8+ CGPA, Subject to seat availability, Pay differential fee if any, Department approvals required. Institute migration (between LPU campuses): Not applicable (only one main campus). Semester migration (shift timing change): Possible with 75%+ attendance, Pay ₹2000 shift change fee, Subject availability in new shift. Physical documents migration: Submit original TC + Migration at admission, Certificates verified + returned with degree, Migration certificate needed from previous university board for inter-university admissions.",Admissions and Administration
How to get admission fee receipt?,"Fee receipt: Auto-generated after successful payment in UMS, Download: Login UMS→Finance→Fee Receipt→Select semester→Download PDF, Contains: Receipt number, Date, Student details, Fee breakdown, Payment mode, Official seal (digitally signed). Uses: Loan processing, Income tax rebate (80C), Scholarship application, Verification purposes. Lost receipt: Reprint from UMS anytime, Physical copy: Accounts department (₹100 duplicate charges), Email: finance@lpu.co.in with request. Receipt number needed for all fee-related queries.",Admissions and Administration
What is the admission cancellation process?,"Admission cancellation: Submit written application to Dean Student Welfare→ Clearance from library, hostel, accounts→No dues certificate→Refund processing as per policy. Online: UMS→Withdrawal request→Upload reason→Department approval. Timeline: Before semester: 15 days processing, After start: 30 days processing. Refund: As per refund policy (90%-0% based on timing). Documents returned: All original documents except TC/Migration (kept for records). Re-admission: Possible in next session with fresh application. Blacklisting: None unless disciplinary issues. Health emergency: Special fast-track process with medical proof.",Admissions and Administration
What is semester exchange program?,"LPU Student Exchange Program: Duration: One semester (4-6 months), Partner Universities: 200+ in USA, Canada, UK, Australia, Europe, Eligibility: Minimum 7.5 CGPA, No backlogs, Good conduct, English proficiency, Application: 4-6 months before exchange (January/July), Process: Apply→Selection→Visa assistance→Pre-departure orientation. Cost: Flight + living expenses (student bears), Tuition: Waived under exchange agreement, Credits: Transferred back to LPU, Scholarship: Limited scholarships available. Hosting family: Arranged by partner university. Contact: International Affairs, Block-34, +91-1824-517851.",Admissions and Administration
How to update personal details after admission?,"Personal details update: Name/DOB change: Submit: Gazette notification + newspaper ad + affidavit + updated mark sheets→Dean approval→University records update (₹5000 processing), Address/Phone/Email: Update directly in UMS→Student Profile→Edit→No approval needed, Parents' details: Submit request with proof→Dean approval, Category change (SC/ST or others): Not allowed after admission, Photo update: Upload in UMS (size: 50KB, JPEG). Name correction (spelling): Simple affidavit + proof→Dean approval (₹1000). Processing: 7-15 working days. Affects: ID card, credentials, degree (if name change).",Admissions and Administration
What is the difference between regular and distance mode?,"LPU offers only REGULAR mode for UG/PG: Full-time on-campus programs, Daily classes, Mandatory attendance (75%), Practical labs, Industry projects, Complete campus facilities, Placements assistance. Distance/Online: LPU does NOT offer UG in distance mode (UGC restrictions), But offers: Online MBA, Online MA, PG Diplomas through online mode, Classes: Weekend live + recorded, Exams: At designated centers or online proctored. Difference summary: Regular = Full campus experience + better placements, Online = Working professional friendly + lower cost. Choose based on: Career goals, Time availability, Budget, Job status.",Admissions and Administration
How to check admission status?,"Admission status tracking: Login: lpu.in/admission-portal using mobile/email used during application, Status shows: Application submitted→Document verification pending→Entrance test scheduled→Test completed→Merit list→Provisional admission→Fee payment pending→Admitted, SMS/Email: Sent at each stage, Helpline: +91-1824-517000 (9 AM - 6 PM), Check directly: Visit admissions office with application number. Merit list: Published on website + SMS to registered mobile, Admission letter: Downloaded from portal after fee payment. Waiting list: If not in first merit list, subsequent lists released weekly. Final status: Admitted/Not selected/Waiting.",Admissions and Administration
What are the hostel facilities?,"LPU hostels offer: AC/Non-AC rooms (single/double/triple sharing), Attached bathrooms with 24/7 hot water, WiFi connectivity, Study tables + chairs + wardrobes, Common rooms with TV, Washing machines (₹10/load), RO water purifiers, Security with biometric entry, Power backup, Housekeeping daily, Warden supervision 24/7. Girls hostels: Blocks 14-28 with stricter security. Boys hostels: Blocks 30-41. Hostel fee: ₹95,000-₹1,15,000/year. Room change: First 2 weeks only.",Campus Life
What are the mess timings and menu?,"Mess timings: Breakfast 7:30-9:30 AM, Lunch 12:00-2:30 PM, Snacks 5:00-6:00 PM, Dinner 7:30-10:00 PM. Menu: North Indian + South Indian daily, Special meals on weekends, Jain food available, Salad + fruits daily. Monthly menu rotates with variety. Mess committee conducts feedback monthly. Outside food not allowed in mess. Tiffin service available for ₹4000/month. Mess card mandatory (biometric). Guest meal: ₹150 per person with prior booking.",Campus Life
What clubs and societies are available?,"LPU has 100+ clubs: Technical - Robotics, Coding, AI/ML, IoT, Photography, Design. Cultural - Dance (10 forms), Music (vocal/instrumental), Drama, Fine Arts, Literature. Sports - Cricket, Football, Basketball, Badminton, Chess, Athletics. Special - Social Service, Entrepreneurship, TEDx, IEEE, ACM chapters. Join during orientation or first month. Free membership. Regular workshops + competitions. Inter-university festivals. Leadership opportunities available.",Campus Life
Is there a gym on campus?,"Yes! LPU has 3 fitness centers: Main Gym (Block 37): 6 AM-10 PM, Equipment: Cardio machines, weights, strength training, Zumba/aerobics classes, Trainers available, AC facility. Block Gyms: In select hostel blocks, Basic equipment. Membership: ₹2000/semester, ₹3500/year. Yoga center: Free daily sessions 6-7 AM. Swimming pool: Olympic size, ₹3000/semester. Basketball/Volleyball courts: Free access. Medical checkup recommended before joining.",Campus Life
What medical facilities are available?,"LPU Hospital (24/7): Emergency services, General physicians, Specialist doctors, Pharmacy, Ambulance service, Insurance desk. OPD timings: 9 AM-5 PM. Emergency: 24/7. Consultation: Free for students, Medicines: At cost price. Tie-ups: Fortis, Max hospitals for serious cases. Medical insurance: Mandatory ₹1000/year. Health card issued. Mental health: Counseling center available. Dental clinic: Tuesday-Saturday. Eye checkup camps: Monthly. Ambulance: Call 181 (internal).",Campus Life
How is the campus WiFi?,"Campus-wide WiFi coverage: SSID: LPU-Student, Speed: 20 Mbps per user, Data: 10 GB/day free, Additional: ₹200 for 50 GB/month. Login: UMS credentials, Auto-login app available. Coverage: Academic blocks, hostels, library, cafeterias. Timing: 24/7. Social media: 8 PM-11 PM only. Educational sites: Unlimited. Troubleshoot: IT helpdesk Block 32 or call ext. 2200. Complaint: Login UMS → IT Services → WiFi issue. Resolution: 24 hours.",Campus Life
What transportation facilities exist?,"Campus transport: Internal battery-operated vehicles (free), Hostel-to-academic block: Every 10 mins. City connectivity: Phagwara bus stand: LPU buses every 30 mins (free with ID card), Jalandhar: Shuttle service ₹30 one-way, Chandigarh Airport: ₹1200/person (book via transport cell). Auto/Taxi: Available at gate, Uber/Ola: Available. Personal vehicles: Parking available (two-wheeler permit ₹500/year, four-wheeler ₹1500/year). Cycle: Free parking. Transport helpline: +91-1824-517444.",Campus Life
Can we order food from outside?,"Food delivery allowed: Zomato/Swigato operational till 10:30 PM, Delivery at hostel gates only, No entry for delivery persons inside campus. Popular: Dominos, McDonald's, Pizza Hut, local restaurants. Payment: Online only (cash not accepted by guards). Mess rules: Can't miss mess meals regularly if subscribed. Alternative: Multiple food courts on campus - Rangla Punjab, Pizza Hut, Café Coffee Day, Subway, Wow Momo. Cost: ₹100-300 per meal. Own kitchen: Not allowed in hostels. Refrigerator: Only in premium rooms.",Campus Life
What are the banking facilities?,"On-campus banks: SBI (Block 34): 10 AM-4 PM, ATMs: 8 locations across campus (24/7), PNB, ICICI, HDFC ATMs available. Services: Account opening, Loans, Deposits, Lockers. Currency exchange: For international students. Mobile banking: Preferred. Fee payment: All banks accepted. Student account: Zero balance account facility. Loan cell: Education loan assistance. Opening account: Simple process with admission letter. Salary account: For working students. Insurance services available.",Campus Life
What sports facilities are available?,"LPU Sports Complex: Cricket ground (international), Football field, Hockey ground, Athletics track (400m), Basketball courts (10), Badminton courts (20 indoor), Tennis courts (8), Volleyball courts (6), Table tennis, Squash, Swimming pool (Olympic size), Skating rink, Gymnasium, Yoga center. Equipment: Free issue with ID card. Coaching: Professional coaches for all sports. Tournaments: Intra-university, Inter-university participation. Timings: 6 AM-9 PM. Sports scholarship: For national/state players. Injury: Medical support available.",Campus Life
Can parents visit the campus?,"Parents welcome anytime: Visiting hours: 10 AM-6 PM daily, Entry: Valid ID proof mandatory at gate, Guest room booking: ₹1500-2500/night (book 2 days advance), Student can stay with parents in guest room. Campus tour: Guided tours on weekends. Cafeterias: Parents can use. Library: Day pass available. Meetings: With faculty/Dean by appointment. Parent-Teacher Meet: Once per semester (attendance encouraged). Emergency: 24/7 parent entry allowed. Guest mess: Meal available at ₹150 per head.",Campus Life
What are the laundry facilities?,"Laundry services: Self-service: Washing machines in each hostel block (₹10/load), Dryer available (₹10), Detergent vending machines. Professional laundry: Pickup/delivery service (₹300/month for 30 pieces), Dry cleaning available, Ironing: ₹5-10/piece. Timings: 24/7 for machines, Professional service: Pickup Mon/Thu, Delivery Wed/Sat. Lost clothes: No responsibility taken. Personal washing: Allowed in washrooms. Iron boxes: Available with warden permission. Clothesline: Designated areas in hostels.",Campus Life
What cultural events happen on campus?,"Major events: One India (Sep): Largest university fest, 50,000+ participants, Celebrity performances, Technical/cultural competitions. Youth Vibe: Monthly cultural nights, Dance/music performances, Open mic, DJ nights. Technical fests: Hackathons, Coding competitions, Robotics competitions. Sports meets: Annual athletics meet, Inter-departmental matches. Student clubs: 100+ weekly events. International day: Celebrating diversity. Competitions: Prizes worth lakhs. Participation: Open to all. Performance opportunities: Auditions held. Celebrity visits: Regular motivational talks.",Campus Life
Is there a post office on campus?,"Yes! Post office (Block 36): Timings: 10 AM-5 PM (Mon-Sat), Services: Speed post, Registered post, Money orders, Parcel booking, Stamps, Courier services, Passport services. Delivery: To hostel addresses daily. Collection: From hostel reception. Courier: DHL, FedEx, BlueDart offices on campus. Document sending: For applications/admissions. Tracking: Online available. International posts: Available. Cost: As per India Post rates. Complaint: +91-1824-517555.",Campus Life
What shopping facilities exist?,"Campus shopping: LPU Bazaar (Block 34): Grocery, Stationery, Electronics, Books, Clothing, Footwear, Gifts. Timings: 9 AM-10 PM. ATM nearby. Bookstore (Central Library): Academic books, Stationery, Course materials, Novels. Medical store: Medicines, Health products (24/7). Salon: Haircut, Grooming services. Optician: Spectacles, Contact lenses. Nearby: Phagwara city market 5 km (15 mins). Online: Delivery accepted at hostels. Campus currency: Accepted at all outlets.",Campus Life
What entertainment options are available?,"Entertainment on campus: Multiplex (Unipolis): Latest movies, Student discounts, Shows 1 PM-11 PM. Gaming zones: PS5, Xbox, VR gaming, Board games café. Cafés: Coffee Day, Starbucks, Multiple food joints. Hangout spots: Botanical garden, Lake, Basketball courts, Multiple lawns. Events: Weekly movie screenings, Stand-up comedy shows, Music nights, Celebrity visits. TV rooms: In hostels with streaming. Sports: Evening friendly matches. City trips: Organized weekend trips to Chandigarh/Amritsar.",Campus Life
Can I keep a vehicle on campus?,"Personal vehicles allowed with permit: Two-wheeler: Parking permit ₹500/year, Helmet mandatory, Parking areas designated, Night parking at hostels allowed. Four-wheeler: Parking permit ₹1500/year, Limited slots (seniors priority). Procedure: Register at Security Office with RC, License, Insurance, Students ID. Rules: Speed limit 20 km/hr inside campus, No racing/stunts, Violations lead to permit cancellation. Fuel: Petrol pump 2 km outside. Repair: Mechanic services nearby. Bicycle: Free parking, Most preferred for campus commute.",Campus Life
What are the hostel rules?,"Hostel discipline: In-time: 9:30 PM (girls), 10:30 PM (boys), Late entry: Permission from warden required. Attendance: Biometric at hostel gate, Random checks at night. Visitors: Not allowed inside rooms, Meeting area available, Same-gender only. Ragging: Strictly prohibited, Anti-ragging squad active. Alcohol/Smoking: Banned (expulsion if caught). Room inspection: Monthly by warden. Noise: Quiet hours 11 PM-6 AM. Electrical appliances: Only approved items (no heaters/induction). Cleanliness: Mandatory room cleanliness. Shifting: Not allowed mid-semester. Holidays: Hostel closes (deposit valuables).",Campus Life
What religious facilities exist?,"Religious harmony on campus: Temples: Mata ka Mandir on campus, Gurudwara: 2 km from campus (free transport on Sundays), Mosque: Prayer room in Block 39, Church: Jalandhar city (10 km). Multi-faith prayer room: For all religions, Open 24/7, Clean and maintained. Religious celebrations: All major festivals celebrated, Diwali, Eid, Christmas, Gurpurab, Programs organized by cultural committee, Holidays as per academic calendar. Freedom: Students can practice any religion freely, Mutual respect emphasized, Religious discrimination: Strictly prohibited.",Campus Life
What library facilities are offered?,"Central Library: Timing: 24/7 during exams, Regular: 8 AM-12 AM. Collection: 4 lakh+ books, 40,000+ e-journals, Thesis repository, Digital library. Facilities: Individual study cubicles, Group discussion rooms, AC reading halls, Scanning/printing, WiFi. Membership: 5 books for 15 days, E-resources: 24/7 online access. Journals: IEEE, Springer, Elsevier, JSTOR, ProQuest. Services: Reference service, Book reservation, Inter-library loan, Issue/return: Self-service kiosks. Fine: ₹5/day for late return. Lost book: Cost + ₹500 processing.",Campus Life
What cafeterias are available?,"Food courts on campus: Rangla Punjab: North Indian, South Indian, Chinese, Capacity: 1000+, Price: ₹80-150/meal. University Terrace: Multi-cuisine, AC facility, Live counters. Food trucks: Mexican, Italian, Street food. Branded: Pizza Hut, Subway, Café Coffee Day, KFC, Dominos, McDonald's. Mess: All hostels have attached mess. Timings: 7 AM-11 PM various options. Payment: Cash, Card, UPI, Monthly coupons. Hygiene: Regular inspections, FSSAI approved. Special: Birthday cakes, Party orders available.",Campus Life
Is there night canteen facility?,"Yes! Night cafeterias: Food Court: Open till 1 AM on weekends, Serves: Snacks, Tea, Coffee, Maggi, Sandwiches. Hostel canteen: Each hostel block, Timings: Till 11 PM, Items: Biscuits, Chips, Cold drinks, Instant noodles, Tea/Coffee. Vending machines: 24/7 in academic blocks and hostels, Snacks, Beverages, Coffee machines. Late-night hunger: Keep instant food in room (allowed), Nearby Phagwara: Has 24/7 restaurants (not accessible after gate closes). Study fuel: Library has vending machines for students studying late.",Campus Life
What stationery facilities exist?,"Stationery on campus: University Bookstore (Central Library), Campus Bazaar shops, Xerox centers: In every academic block (₹0.50/page, Color ₹5/page), Binding: Spiral ₹20, Hard ₹50-100, Lamination available. Printing: USB printing, Email printing, Mobile printing via app. Items: Notebooks, Pens, Files, Chart papers, Art supplies, Project materials, Lab equipment, Engineering tools. Timings: 9 AM-10 PM. Discounts: Bulk orders for projects. Online order: Amazon/Flipkart delivery allowed. Quality: Branded products available.",Campus Life
Are pets allowed on campus?,"Pet policy: Personal pets: NOT allowed in hostels or academic areas, Disciplinary action if found. Campus animals: Stray dogs/cats managed humanely, Animal welfare committee active, Feeding spots designated, Veterinary tie-up for injured animals. Pet therapy: Occasional sessions with trained therapy dogs, Mental health initiative. Nearby: Pet clinic in Phagwara (3 km). During holidays: Cannot leave pets in hostel. Service animals: Allowed with proper certification for differently-abled students. Fish aquarium: Some common rooms have maintained tanks.",Campus Life
Which companies visit LPU for placements?,"900+ companies visit annually including: Tech Giants - Google, Microsoft, Amazon, Adobe, Intel, Cisco, Oracle. IT Services - TCS, Infosys, Wipro, Cognizant, HCL, Tech Mahindra, Capgemini. Consulting - Deloitte, EY, PwC, KPMG. Core - L&T, Tata Steel, Ashok Leyland. Banking - ICICI, HDFC, Axis. E-commerce - Flipkart, Paytm, Swiggy. Startups - Ola, Zomato, multiple funded startups. International - Japanese, European companies. Mass recruiters + core companies + dream offers. Placement rate: 90%+ for engineering.",Placements and Career
What is the highest and average package?,"Placement Statistics 2023-24: Highest domestic package: ₹64 lakh per annum (Microsoft), Highest international: ₹1.05 crore (European company), Average CSE: ₹8.5 LPA, Average overall engineering: ₹6.5 LPA, Median: ₹5.5 LPA. 90%+ CSE placed, 85%+ overall engineering. 500+ students above ₹10 LPA. Multiple offers: Many students get 2-3 offers. Super dream (₹15L+): 200+ students. Dream (₹7-15L): 1500+ students. Package depends on: Branch, CGPA, Skills, Performance in interviews.",Placements and Career
When does placement process start?,"Placement Timeline: Pre-placement training: From 5th semester (practice + aptitude + coding). Registration: Semester 6 (eligible with 6.0+ CGPA, no backlogs). Company visits: August onwards (final year). Peak season: September-February. Off-campus: Throughout year. Process stages: Resume shortlist → Aptitude test → Technical rounds (2-3) → HR round → Offer letter. Duration: 2-4 weeks per company. Multiple attempts allowed. Placement cell support throughout. Super dream policy: Can sit after getting dream offer in some companies. No cap on offers.",Placements and Career
What is placement eligibility criteria?,"Eligibility requirements: CGPA: Minimum 6.0 (some companies 7.0+), No active backlogs, 75% attendance throughout, No disciplinary action, Bond acceptance: 1-2 years for some companies. Branch-specific: CSE/IT: Most opportunities, ECE/EE/ME: Core + IT both, Civil/other: Core focused. Additional: Communication skills, Aptitude clearing, Technical knowledge. Gap years: Acceptable if explained. Company-specific: Each has own criteria (some want 60%+ in 10th/12th). Multiple companies: Can sit for all eligible. Dream policy: After dream offer, limited companies access.",Placements and Career
Does LPU provide placement training?,"Comprehensive training: Aptitude training: Quant, Reasoning, Verbal (weekly tests from semester 5). Coding: DSA, Competitive programming, Company-specific patterns. Communication: English speaking, Group discussions, Presentation skills. Technical: Interview questions, Subject revision, Project guidance. Mock interviews: By industry experts, HR rounds, Technical rounds, Feedback sessions. Resume building: Professional format, Highlighting skills, Project descriptions. Workshops: Company-specific prep, Industry trends, Soft skills. Duration: 3 semesters (5th to 7th). Faculty: Industry experts + alumni. Materials: Question banks, Previous papers, Online platforms access. Free: All training included in fees.",Placements and Career
Can I sit for off-campus placements?,"Yes! Off-campus encouraged: University supports: Job postings shared, Reference provided, Interview leave granted. Platforms: LinkedIn, Naukri, Indeed, Company career pages, Referrals from alumni. Rules: Inform T&P cell, No clash with on-campus drives, Offer letter verification needed. Benefits: Can continue on-campus parallely, More opportunities, Higher packages often, Startups + MNCs. Process: Apply yourself → Clear rounds → Get offer → Submit to T&P → Verification → Acceptance. Alumni network: 200,000+ for referrals. Success stories: Many students get off-campus offers above on-campus. No restriction: Full freedom for off-campus.",Placements and Career
What is super dream/dream company policy?,"Company classification: Super Dream: Package ₹15+ LPA (Google, Microsoft, Amazon etc.), Dream: ₹7-15 LPA (Adobe, Cisco, Oracle etc.), Regular: Below ₹7 LPA. Policy: After super dream offer: Can sit for other super dreams only (limited). After dream offer: Can sit for regular companies (some restrictions). Regular offers: No restrictions, multiple attempts. Reason: Equal opportunities for all students, Prevent hoarding of offers. Special cases: Role-based differentiation, If first offer <6.5 LPA, all companies open. Choice: Students can reject offers (strategic decisions). Target: Every student should get best possible opportunity.",Placements and Career
How to prepare for placements?,"Preparation roadmap: Semester 5-6: Master DSA (Data Structures + Algorithms), Practice LeetCode/GeeksforGeeks (500+ problems), Learn 2 programming languages deeply, Build 2-3 strong projects, Improve communication skills. Semester 7: Company-wise preparation, Mock interviews weekly, Aptitude daily practice, Update resume professionally, Network with alumni. Resources: LPU Placement portal practice tests, Company previous papers, Online courses (Coursera/Udemy), Coding platforms competitions. Strategy: Start early (semester 5), Consistent practice daily, Focus on basics strong, Learn from rejections, Multiple company preparation. Mentorship: Seniors, Faculty, T&P cell guidance. Group study: Form peer groups for motivation.",Placements and Career
What internship opportunities exist?,"Internship programs: Duration: 6-8 weeks (summer), 4-6 months (winter for final year). Companies: Same companies offer internships + placements, Google, Microsoft internships available, Startups for hands-on experience. Stipend: ₹10,000 - ₹1,00,000/month, Many unpaid (learning focused). Process: Campus drives in semester 4-5, Off-campus applications welcome, Project-based selection. Benefits: Pre-placement offers (PPO) possible, Industry exposure, Resume building, Networking  opportunities. Credit: 2-4 credits for summer internship. Support: Internship cell assistance, Resume forwarding, Verification of offers. Recommendation: Do minimum 2 internships before final placements. Many students convert internship to full-time offer.",Placements and Career
What roles are offered in placements?,"Job profiles: Software Development Engineer (SDE): Backend, Frontend, Full-stack development. Data roles: Data Scientist, Data Analyst, ML Engineer. IT Services: Business Analyst, System Engineer, Support Engineer. Core engineering: Production, Design, Quality, R&D. Management: HR, Marketing, Finance roles for MBA. Consulting: Business consultant, Technology consultant. Sales: B2B sales, Technical sales. Testing: Manual, Automation testing. DevOps: Site Reliability Engineer. UI/UX: Design roles. Research: R&D for ME/ECE. Teaching: For Polytechnic colleges. Mostly: Based on branch and skills. Preference: Students can choose profile.",Placements and Career
Does LPU have alumni network for jobs?,"Strong alumni network: 200,000+ alumni worldwide, Present in: Google, Microsoft, Amazon, Goldman Sachs, Top MNCs, Leading startups. LinkedIn group: 50,000+ active members. Support: Referrals for jobs, Interview preparation tips, Industry insights, Mentorship programs. Alumni portal: Job postings, Networking events, Connect for guidance. Alumni meets: Regional chapters worldwide, Annual reunion at campus, Industry-specific groups. Success stories: Many reach senior positions, Found successful startups, Support current students actively. Contact: Alumni affairs office, Mentorship matching platform. Value: Opens doors through references, Insider information about companies.",Placements and Career
What if I don't get placed on campus?,"Support continues: Extended placement drive: Till June after convocation, Off-campus assistance: Job sharing continues, Resume forwarding to companies. Training extension: Additional mock interviews, Skill enhancement workshops. Higher studies: Guidance for MS/MBA, GATE coaching center on campus. Entrepreneurship: Startup incubation support, Seed funding opportunities. Part-time: Industry projects, Freelancing guidance. Statistics: 95%+ eventually placed within 6 months. Special cell: For late placements, Personal counseling, Career counseling. No pressure: Focus on right fit not any fit. Alternative: Internships leading to full-time. Reality: On-campus not everything, Many successful careers off-campus.",Placements and Career
Can I choose location preference?,"Location choices available: Metro cities: Bangalore, Pune, Hyderabad, Delhi NCR, Mumbai, Chennai. Tier-2 cities: Ahmedabad, Chandigarh, Jaipur, Indore. Work from home: Becoming common post-COVID. International: Few companies offer abroad opportunities. Process: Preference marked during registration, Company discloses locations, Final decision: Company's, Student can reject if not preferred. Reality: Limited bargaining for freshers, Location assignment post-training often, Relocation support provided by companies. Strategy: Keep flexible initially, Gain experience 2-3 years then switch. Bangalore: Maximum opportunities, Startups: Usually metros, MNCs: Multiple locations available.",Placements and Career
What is the bond period for placements?,"Bond policies: Company bonds: 1-3 years common, Service agreement signed, Breaking: Pay penalty (usually 50,000-2,00,000), Notice period: 30-90 days. University bond: NO bond from LPU side, No payment to university for placement, Full freedom to switch jobs. Service bonds: TCS:  2 years, Cognizant: 2 years, Infosys: 1.5 years, Some core: 3 years. Considerations: Read offer letter carefully, Understand penalty clauses, Bonds protect company training investment. Reality: Most students complete bond period, Early switch: Possible but expensive, Foreign opportunities: Bond completion often required. Advice: Accept bonds if good company, First job experience is valuable.",Placements and Career
Are girls given equal placement opportunities?,"100% equal opportunities: No gender bias: Same companies, same process, same packages, Same eligibility criteria. Success: Many top offers to girls, CDR: 1:4 (4 girls for competition benefits), Leadership roles: Encouraged equally. Special: Women in tech programs, Female mentorship, Safety  in workplace training. Statistics: Girl placement rate = Boy rate, Package: Performance based only. Companies: Prefer diverse teams, Active recruitment of women, Work-life policies better now. Support: Separate counseling if needed, Anti-discrimination policy strict. Reality: Technical competence matters only, Some companies prefer female candidates (diversity hiring), STEM fields opening globally.",Placements and Career
What facilities exist during placement season?,"Support infrastructure: Dedicated placement blocks: AC rooms for interviews, Waiting areas with refreshments, WiFi connectivity. Dress code: Formal wear mandatory, In-house laundry: Express service during placements. Transport: Special buses during drives, Early morning/late night as needed. Food: Extended cafeteria timings, Special meals during interviews. Support staff: Coordinators for each company, Student volunteers for guidance. Technology: Online tests in computer labs, Video interview rooms. Medical: First aid always available. Stress management: Counselors available, Peer motivation groups. Backup: If multiple offers same day, priority management, Missed due to exam: Rescheduled. Updates: SMS/Email/WhatsApp for every step. Care: Every student treated as priority.",Placements and Career
Can I do higher studies and placements both?,"Yes, parallel allowed: No restriction: Sit for placements, Prepare for GATE/GRE/CAT simultaneously. Company joining: Deferred joining possible (discuss with HR), Some take gap year for MS, Join after completing degree. Strategy: Accept placement as backup, Attempt higher studies entrance, Choose based on results. Statistics: 30% place holders go for higher studies, Companies: Usually accept deferrals, Gap on joining: Acceptable with valid reason. Recommendation: Don't skip placements entirely, Financial security important, Can do MS after 2-3 years work ex (better ROI). LPU support: GATE coaching center, GRE preparation classes, University recommendations for MS. Decision: Personal based on career goals.",Placements and Career
What is lateral hiring support?,"Lateral/exp hire help: For students with experience: Part-time work during studies, Previous work experience, Gap year work. Advantage: Experience counts positively, Higher package potential, Senior roles possible. Process: Different from campus placements, Resume based selection, Direct interviews. Support: Separate registration, Different companies approach, Work-ex verification. Reality: 5-10% students have prior experience, Treated equally in opportunities, Experience valued in negotiations. Lateral entry students: Can sit for regular placements too, Age not a barrier, Maturity advantage in interviews. Opportunities: Startups prefer experienced candidates, Higher responsibilities, Better growth trajectory.",Placements and Career
What pre-placement offers (PPO) process exists?,"PPO system: From internships: Performance based, Offered during/after internship, Usually 10-20% interns get PPO. Advantages: Placement secured early, No placement stress, Can skip that company interview. Process: Internship performance review, HR interview, Offer rollout, Acceptance deadline. Package: Same as campus placement, Sometimes negotiable. Timing: Usually after internship completion, Join after degree. Decision: Can reject PPO and sit for placements, No penalty for rejection, Strategic planning needed. Statistics: 200-300 students get PPO annually, Success rate: High if dedicated internship work. Strategy: Treat internship seriously, Build good relationships, Deliver quality work, PPO conversion high probability.",Placements and Career
What skill development programs are offered?,"Industry skill training: Technical: Full-stack development, Cloud computing (AWS/Azure), AI/ML courses, Cybersecurity, Data Science with Python. Certifications: Google, Microsoft, Oracle certifications, Industry recognized courses. Soft skills: Leadership training, Communication workshops, Personality development, Interview etiquette. Industry collaborations: IBM training programs, Cisco networking academy, SAP modules, Google cloud training. Cost: Most FREE for students, Some advanced: Nominal charges. Duration: Weekend batches, Semester programs, Summer intensive courses. Placement value: Certified students preferred, Higher package potential, More interview calls. Requirements: Minimum attendance, Assignment completion, Certification exam clearing. Career boost: Enhances resume significantly, Practical industry skills, Competitive advantage in placements.",Placements and Career
What is the dress code policy?,"Formal dress mandatory Mon-Fri: Boys: Full pants + formal shirt + shoes (NO jeans/t-shirts). Girls: Formal suit/kurti + formal pants (NO leggings/shorts). Saturday: Smart casuals. ID card mandatory. Violations: Attendance marked absent, fine Rs.500. Hostel: No dress code inside.",Rules Safety and Grievance
What is LPU anti-ragging policy?,"ZERO tolerance. Punishment: Immediate suspension, police complaint, expulsion. 24/7 helpline: 1800-180-5522. Email: antiragging@lpu.co.in. Anti-ragging squad regular checks. Affidavit from students and parents mandatory. Complainant identity protected.",Rules Safety and Grievance
How to file a grievance?,"Online: UMS → Grievance portal. Offline: Written complaint, Drop box. Categories: Academic, Administrative, Harassment. Timeline: Acknowledgment 24hrs, Resolution 7 days. Escalation: HOD → Dean → Proctor → VC. Anonymous option available.",Rules Safety and Grievance
What happens with prohibited items?,"Alcohol/Drugs: Immediate expulsion + police case. Smoking: Fine Rs.5000. Detection: Random hostel checks, CCTV, security scanning. Room search without consent if suspicious. Strict disciplinary action.",Rules Safety and Grievance
What is mobile phone policy?,Allowed with restrictions. Not in classrooms during lectures. Banned in exam halls (UFM case if found). Hostels: Free usage. Library: Silent mode. Photography needs permission. Cyberbullying serious offence.,Rules Safety and Grievance
What safety measures exist?,"24/7 security guards. Biometric entry/exit. 2000+ CCTV cameras. Emergency helpline: 181. Campus police station. 24/7 hospital. Women safety: Separate security, panic buttons, self-defense training. Fire safety: Detectors, drills, trained staff.",Rules Safety and Grievance
What is sexual harassment policy?,"ICC (Internal Complaints Committee) active. Email: icc@lpu.co.in. Confidential proceedings. Inquiry within 90 days. Punishment: Suspension, expulsion, police case. POSH training for all. Well-lit campus, CCTV monitoring.",Rules Safety and Grievance
Can I leave campus anytime?,"Day scholars: Free with ID card. Hostellers: Outpass from warden. Same day till 8PM boys, 7PM girls. Overnight needs parent permission. Biometric tracking. Late entry needs explanation. Local guardian required for hostellers.",Rules Safety and Grievance
Mess food complaint procedure?,Daily feedback forms. Online: UMS → Mess Complaint. Mess committee meetings. Same day acknowledgment. Quality checks. FSSAI inspections. Can subscribe/unsubscribe mess. Multiple cafeterias alternative.,Rules Safety and Grievance
Policy on strikes and protests?,Peaceful dissent allowed with permission. Designated areas. No disruption of academics. No violence/property damage. Unauthorized protest: Disciplinary action. Student council for representation. Dialogue encouraged before protest.,Rules Safety and Grievance
Political activities policy?,"Student elections allowed annually. External party politics banned. Academic discussions permitted. No disruption, division, unauthorized rallies. Violations: Immediate action. Focus on education maintained.",Rules Safety and Grievance
What if theft in hostel?,Report to warden immediately. Register with security. FIR if valuable. CCTV checked. Use lockers for valuables. University not liable. Personal insurance recommended. Keep valuables minimal.,Rules Safety and Grievance
Examination malpractice policy?,"Copying, mobile, chits, talking: Paper cancelled, one-year ban. Repeat: Possible expulsion. Evidence collected, disciplinary hearing. CCTV in halls. Not worth risking career. Extra time for disabled students.",Rules Safety and Grievance
Substance abuse policy?,"Absolute ban on alcohol, drugs, smoking, tobacco. Random checks. Drugs: FIR + expulsion. Alcohol: Suspension. De-addiction support available. Counseling services. Parents notified. Criminal case for drugs.",Rules Safety and Grievance
Cyber safety policy?,"Prohibited: Cyberbullying, obscene content, fake profiles, morphed images. Report: cyber@lpu.co.in. Action: Warning to expulsion. Victim support provided. Cyber safety workshops. Think before posting online.",Rules Safety and Grievance
Accommodation change policy?,"Allowed first 2 weeks only. Genuine reasons: Medical, compatibility issues. Written application to warden. Availability checked. Mid-semester changes not allowed. Emergency immediate shift possible.",Rules Safety and Grievance
Damage to property policy?,"**Property Damage Rules:** 🏚️

*   **Accidental:** Report to warden immediately. You pay *only* repair cost.
*   **Intentional:** You pay **Repair Cost + Fine + Disciplinary Action**.
*   **Group Liability:** If culprit not found, fine divided among all room/floor mates.
*   **Lost Keys/ID:** Report immediately (Fine: ₹500 + Replacement cost).

*Always report damages during room takeover to avoid later fines!*",Rules Safety and Grievance
Discipline and conduct policy?,"Expected: Respect, punctuality, honesty. Prohibited: Violence, harassment, ragging. Minor violations: Warning. Serious: Suspension, expulsion. Parents informed. Record maintained. Impacts character certificate.",Rules Safety and Grievance
Disability support services?,"Equal opportunity cell. Ground floor hostel. Wheelchair accessibility. Scribes, extra time in exams. Assistive technology. Ramps, lifts throughout. Special transport. Scholarship available. Inclusive culture, anti-discrimination strict.",Rules Safety and Grievance
Who is the legendary coder of LPU?,The legendary coder of LPU is Aman Chopra.,General
How to apply for DL?,"**Duty Leave (DL) Application Process:** 📝

1. **Login:** Go to UMS (ums.lpu.in) using your credentials.
2. **Navigate:** Open **RMS** (Request Management System).
3. **Select:** Choose category **'General'** -> **'Duty Leave'**.
4. **Details:** Fill in the event date, type, and description.
5. **Proof:** You **MUST** upload supporting documents (Event Pass, Faculty Email, Selection Letter).
6. **Submit:** Click submit. Track status in 'My Requests'.

*Note: Apply 3 days prior to the event for guaranteed processing.*",Admissions and Administration
What is ML?,"ML stands for Medical Leave. If you are sick, you can apply for ML on UMS. You must submit a medical certificate from a doctor and get it verified by the university hospital within 3 days.",Rules Safety and Grievance
How to reset UMS password?,Go to ums.lpu.in and click on 'Forgot Password'. You can reset it using your registered mobile number or email ID.,Admissions and Administration
What is RMS?,"RMS stands for Request Management System. It is used to raise requests for various services like hostel complaints, leave applications, document requests, etc.",Rules Safety and Grievance
When are the MTEs?,Mid Term Exams (MTE) usually happen after 6-7 weeks of the semester start. Check the Exam Date Sheet on UMS for exact dates.,Academic
When are the ETEs?,End Term Exams (ETE) occur at the end of the semester. Dates are announced on UMS.,Academic
What is CA?,"CA stands for Continuous Assessment. It includes attendance, assignments, quizzes, and class participation marks.",Academic
How to check marks?,Login to UMS -> Academic -> View Marks / Result.,Academic
Contact for RMS issues?,"For RMS technical issues, email to rms.support@lpu.co.in or visit the IT block.",Rules Safety and Grievance
What is the dress code?,LPU has a decent dress code. Students should wear formal or semi-formal attire. Shorts and sleeveless clothes are generally not allowed in academic blocks.,Rules Safety and Grievance
What is UMC?,"**UMC (Unfair Means Case) Guide:** ⚠️

**Definition:** UMC is registered if a student is caught cheating/misbehaving during exams.

**Consequences:**
*   Cancellation of that specific paper.
*   Cancellation of all papers in that semester.
*   Suspension for 1 year (in severe cases).
*   Scholarship termination.

**Procedure if UMC registered:**
1. You will receive a show-cause notice on UMS.
2. You must appear before the **UMC Committee** at the specified time.
3. Admit mistake honestly if guilty; arguing worsens the penalty.",Academic
How to clear UMC?,"**Resolving a UMC Case:** ⚖️

1. **Wait for Summon:** Check UMS messages daily after exams.
2. **Hearing:** Attend the UMC Committee hearing in person.
3. **Statement:** Submit a written apology/explanation.
4. **Verdict:** Decision is updated on UMS within 2-3 weeks.
5. **Mercy Petition:** If punishment is severe, you can file a mercy petition to the **Chief Warden/Dean** within 7 days.

*Tip: Honesty is the best policy during hearings.*",Academic
What are the bus routes?,"LPU has a huge fleet of buses covering Jalandhar, Phagwara, Ludhiana, and Hoshiarpur. Routes and timings are available on UMS under 'Transport' section.",Campus Life
What is the bus fee?,"Bus fees depend on the route and distance (e.g., Jalandhar vs Ludhiana). It applies per academic year. Check UMS for exact rates.",Campus Life
Is parking available?,"Yes, huge parking spaces are available for students and faculty at designated gates.",Campus Life
What is in the mess menu?,"The mess menu changes weekly. It includes North Indian, South Indian, and Continental options. You can view the daily menu on the LPU Touch app.",Campus Life
Can I change my mess?,"Yes, you can change your mess choice (e.g., North to South Indian) at the start of the month via UMS.",Campus Life
What are the food court options?,"LPU has Domino's, Subway, Pizza Hut, and 50+ other food kiosks in the Uni-Mall and across campus.",Campus Life
Who are the top recruiters?,"**Top Recruiters at LPU:** 💼

**🌟 Super Dream (₹15 LPA+):**
*   Microsoft, Google, Amazon
*   Palo Alto, Nutanix, Atlassian

**🚀 Dream (₹7-15 LPA):**
*   Oracle, Cisco, Optum
*   Deloitte, EY, PwC
*   Honda, Daikin, Infineon

**🏭 Mass Recruiters:**
*   Cognizant (hires 700+), Wipro
*   Capgemini, DXC Technology
*   Infosys, TCS

*Over 1000+ companies visit campus annually!*",Placements and Career
How to register for placement?,"**Placement Registration Guide:** 🎯

**Eligibility:**
*   Valid **PEP** (Professional Enhancement Program) registration.
*   No active backlogs.
*   CGPA > 6.5 (Standard) or > 7.5 (Premium).

**Steps:**
1.  **UMS:** Go to **Placement** tab.
2.  **Profile:** Complete 'Placement Profile' (Verify 10th/12th/Degree marks).
3.  **Resume:** Upload verified resume in PDF format.
4.  **Registration:** Click on 'Drive Registration' for upcoming companies.
5.  **Hall Ticket:** Download ticket before the drive test.",Placements and Career
What is PEP?,"**PEP (Professional Enhancement Program):** 🚀

**What is it?**
Essential training curriculum integrated into your timetable to make you job-ready.

**Modules:**
1.  **Aptitude:** Quantitative, Logical, Verbal ability.
2.  **Soft Skills:** Group Discussions (GD), Personal Interviews (PI), Resume writing.
3.  **Technical:** Coding (C++/Java/Python), Data Structures (DSA).

*Note: PEP grade is included in your CGPA and is mandatory for placement eligibility.*",Placements and Career
What is the passing criteria?,"Generally, you need 40% aggregate marks (Internal + External) and 30% marks strictly in the End Term Exam to pass a course.",Academic
How to apply for Re-appear?,"If you fail a course, apply for Re-appear exam on UMS under Examination tab. A fee per subject applies.",Academic
What is Backlog?,Backlog means a failed course that you need to clear in future semesters.,Academic
How do I get my degree?,Degree is awarded during Convocation upon successful completion of all credits with no pending backlogs.,Academic
What are hostel timings?,Hostel gates usually close by 7:30 PM (Winter) or 8:00 PM (Summer). Late entry requires warden permission.,Campus Life
Is AC hostel available?,"Yes, LPU offers AC and Non-AC rooms with 1, 2, 3, or 4 seater options. Attached washrooms are also available in apartments.",Campus Life
Can I change my room?,Room change requests can be made via RMS (Request Management System) subject to availability.,Campus Life
What is One India?,"One India is an annual cultural fest where students represent different states and countries, showcasing unity in diversity.",Campus Life
What is Youth Vibe?,"Youth Vibe is LPU's global open fest with technical, cultural, and sports competitions involving students from other universities too.",Campus Life
How to join clubs?,"Visit the Division of Student Welfare (DSW) in Block 13. You can join Music, Dance, Coding, Literary, and 50+ other student organizations.",Campus Life
Is there a hospital?,"Yes, Uni-Hospital is operational 24/7 inside the campus with resident doctors and ambulances.",Rules Safety and Grievance
How to get Wi-Fi password?,Your UMS ID is the username and default password is available on UMS. You can reset it via 'Internet Access' section.,Rules Safety and Grievance
Where is the library?,The Central Library is a 9-storey building located prominently near the entrance. It's automated and world-class.,Campus Life
Can parents visit?,"Yes, parents can visit. They can stay at the Uni-Hotel on campus by booking in advance.",Admissions and Administration
Meaning of TG?,TG stands for Teacher Guardian. Every student is assigned a faculty mentor for guidance.,Rules Safety and Grievance
Who is HOD?,HOD (Head of Department) leads your specific department. Contact them for academic escalations.,Academic
What is the grading system?,"LPU follows a 10-point CGPA system. Grades: A+ (90-100%, 10 points), A (80-89%, 9 points), B+ (70-79%, 8 points), B (60-69%, 7 points), C+ (50-59%, 6 points), C (40-49%, 5 points), F (<40%, 0 points). CGPA formula: Sum of (Grade Points × Credits) / Total Credits. Minimum 5.0 CGPA required for degree. Internationally recognized system helps in global admissions.",Academic
When are semester exams?,"Odd Semester End-Terms: November-December, Mid-Terms: September. Even Semester End-Terms: April-May, Mid-Terms: February-March. Dates announced 30 days advance on UMS. Date sheet uploaded 15 days before exams. Supplementary exams in June-July. Check academic calendar on website regularly.",Academic
What is passing criteria?,"Requirements: 40% minimum in BOTH theory and practical separately + 50% overall aggregate + 75% attendance mandatory + Grade C (5 points) minimum. Internal assessment 20% of total. Failed = backlog, max 3 attempts. Overall 5.0 CGPA needed for degree.",Academic
Library timings?,"Mon-Fri: 8AM-10PM. Sat-Sun: 9AM-6PM. Exam periods: 7AM-11PM. 24/7 reading rooms during exams. Digital library 24/7 online. Reference: 8AM-8PM. Circulation: 9AM-7PM. Discussion rooms: 9AM-8PM bookable. Collection: 1.5L books, 50K e-books, 15K journals. Free WiFi, printing, scanning available.",Academic
How many departments?,"50+ departments across faculties: Engineering (16 depts - CSE, ECE, Mech, Civil, Elect, Aerospace, etc.), Management (4 depts - MBA, Int'l Business), Computer App (3 depts - MCA, IT, Data Science), Pharma (5 depts), Hotel Mgmt (3 depts), Design (4 depts), Architecture, Arts (10+ depts), Sciences (11 depts), Agriculture (6 depts), Law, Education, Physiotherapy, Commerce, Economics. Each with dedicated labs, faculty, research facilities.",Academic
Can I change course?,"Possible in first semester with conditions: 70%+ in 12th, meet new course eligibility, seats available, no discipline issues. Apply via Academic Counselor with form, documents, fee (Rs.5K same school, Rs.10K different school). Processing 2-4 weeks. Fee difference adjustment. Some credits may transfer. Entrance test for some switches. Contact Student Welfare: 01824-404404.",Academic
What is CGPA?,"CGPA = Cumulative Grade Point Average. LPU uses 10-point scale. O=Outstanding (10), A+=Excellent (9), A=Very Good (8), B+=Good (7), B=Above Average (6), C=Average (5), D=Pass (4), F=Fail (0).",Academic
How to calculate CGPA?,"CGPA = Sum of (Grade Points × Credits) / Total Credits. Example: If you have 3 subjects (3 credits each): A+(9), A(8), B+(7) = (9×3 + 8×3 + 7×3) / 9 = 8.0 CGPA.",Academic
What is minimum passing CGPA?,"Minimum 5.0 CGPA required overall. Individual subject minimum: Grade D (4.0). Below this = fail, need to reappear.",Academic
How to improve CGPA?,"Attend classes (75%+), complete assignments on time, study regularly, use library resources, attend doubt sessions, participate in class, take mock tests.",Academic
Can I see my grade card online?,Yes! Login to UMS → Examinations → Grade Card → Select semester → Download PDF. Available 30 days after exam results.,Academic
What is minimum attendance required?,"75% minimum attendance mandatory for exam eligibility. Below 75% = detained, cannot appear in exams. Medical cases require certificate.",Academic
How to check attendance?,Login UMS portal (ums.lpu.in) → My Attendance → View subject-wise percentage. Updates after each class. Parents can track via ERP.,Academic
What if attendance is below 75%?,Below 75% = Detained status. Cannot sit for exams. Must repeat semester. Only exception: Medical emergency with valid doctor certificate + hospitalization proof.,Academic
Can I apply for attendance condonation?,"Yes, for medical emergencies only. Submit medical certificate + hospital documents to HOD within 7 days. Maximum 10% condonation possible (65% to 75%).",Academic
How is attendance calculated?,Attendance % = (Classes Attended / Total Classes) × 100. Calculated per subject. Theory and practicals counted separately.,Academic
What is MTE?,Mid-Term Exam. 20% weightage. Held mid-semester. 1.5 hour duration. Syllabus: First half of course. MCQ + descriptive format.,Academic
What is ETE?,End-Term Exam. 60% weightage. Comprehensive exam. 3 hour duration. Full semester syllabus. Major component of grading.,Academic
What are CA marks?,"Continuous Assessment. 20% weightage. Includes: Assignments (5%), Quizzes (5%), Class participation (5%), Project (5%). Evaluated throughout semester.",Academic
When are exam results declared?,Results typically declared within 30 days of exam completion. MTE: 2-3 weeks. ETE: 3-4 weeks. Check UMS portal regularly.,Academic
How to apply for re-evaluation?,"Apply within 10 days of result via UMS. Fee: ₹1,000/subject. Results in 30 days. Marks may increase/decrease/remain same.",Academic
What is supplementary exam?,"For failed students. Held in June-July. Fee: ₹1,500/subject. Maximum 3 attempts allowed. Same syllabus as regular exam.",Academic
Can I get my answer sheet checked?,"Yes, apply for Answer Script Viewing within 7 days via UMS. Fee: ₹500/subject. Can view in presence of controller. No photocopies allowed.",Academic
What if I miss an exam due to illness?,"Apply for Special Exam within 7 days with medical certificate. Fee: ₹2,000/subject. Valid only for hospitalization cases.",Academic
How many attempts for a subject?,"Maximum 4 attempts: 1 regular + 3 supplementary. After 4 failures, must take readmission in that semester.",Academic
What is the exam pattern?,Varies by subject. Typically: 30% MCQs + 70% descriptive. Some subjects: 100% practical. Check syllabus for specific pattern.,Academic
How to access course content?,"UMS → Course Content → Select subject → Download PPTs, notes, videos. Also available on Blackboard LMS. Faculty shares Google Drive links.",Academic
Can I change my elective?,"Yes, within first 2 weeks of semester. Apply via UMS → Course Registration → Change Elective. Subject to seat availability.",Academic
What is credit system?,Each course has credits based on contact hours. Theory: 3-4 credits. Lab: 1-2 credits. Project: 2-4 credits. Minimum 18 credits/semester.,Academic
How many subjects per semester?,"Typically 6-8 subjects. Total 20-24 credits. Includes theory, labs, projects. Some electives optional.",Academic
What is course registration?,"Done at start of each semester via UMS. Select subjects, electives. Lock courses. Changes allowed in first week only.",Academic
Can I take extra credits?,"Yes, maximum 28 credits per semester allowed. Above 24 requires HOD approval. Good for fast-track completion.",Academic
What is minor degree?,Additional specialization. 18-24 credits from different department. Mentioned on degree. Popular: CSE students take AI minor.,Academic
How to drop a course?,Apply within 2 weeks via UMS. Requires HOD approval. Will show 'W' (Withdrawn) on transcript. No refund.,Academic
What is audit course?,Non-credit course. Attend classes but not graded. Shows 'Audit' on transcript. Useful for skill development without GPA impact.,Academic
Can I repeat a course for better grade?,Yes. Old grade remains on transcript but replaced in CGPA calculation. Must pay course fee again.,Academic
How to check exam schedule?,UMS Portal → Examinations → Date Sheet. Available 15 days before exams. Download PDF. Room numbers announced day before exam.,Academic
Tell me about exam schedule,UMS Portal → Examinations → Date Sheet. Available 15 days before exams. Download PDF. Room numbers announced day before exam.,Academic
How to check backlog clearance?,"Apply for supplementary exam. Fee: ₹1,500/subject. Maximum 3 backlogs at a time. Clear before final year.",Academic
Tell me about backlog clearance,"Apply for supplementary exam. Fee: ₹1,500/subject. Maximum 3 backlogs at a time. Clear before final year.",Academic
How to check CGPA requirements?,Minimum 5.0 CGPA to pass semester. 6.0+ for placements. 7.5+ for scholarships. 8.5+ for distinction.,Academic
Tell me about CGPA requirements,Minimum 5.0 CGPA to pass semester. 6.0+ for placements. 7.5+ for scholarships. 8.5+ for distinction.,Academic
How to check semester results?,Check UMS → Results. Calculate SGPA and CGPA. Download grade card. Check for UFM or AAA marks.,Academic
Tell me about semester results,Check UMS → Results. Calculate SGPA and CGPA. Download grade card. Check for UFM or AAA marks.,Academic
How to check project submission?,Submit via UMS/Turnitin before deadline. Plagiarism check mandatory. Below 20% similarity required. Late penalty: -10% per day.,Academic
Tell me about project submission,Submit via UMS/Turnitin before deadline. Plagiarism check mandatory. Below 20% similarity required. Late penalty: -10% per day.,Academic
How to check assignment deadlines?,Check UMS → Assignments → Due Date. Usually 1-2 weeks from posting. No late submissions accepted without prior approval.,Academic
Tell me about assignment deadlines,Check UMS → Assignments → Due Date. Usually 1-2 weeks from posting. No late submissions accepted without prior approval.,Academic
How to check library access?,"24/7 during exams. Regular hours: 8 AM - 10 PM. Books: 15 days loan. Digital library: IEEE, Springer, Elsevier access.",Academic
Tell me about library access,"24/7 during exams. Regular hours: 8 AM - 10 PM. Books: 15 days loan. Digital library: IEEE, Springer, Elsevier access.",Academic
How to check lab timings?,Monday-Friday: 9 AM - 5 PM. Saturday: 9 AM - 1 PM. Sunday closed. Some labs open 24/7 with permission.,Academic
Tell me about lab timings,Monday-Friday: 9 AM - 5 PM. Saturday: 9 AM - 1 PM. Sunday closed. Some labs open 24/7 with permission.,Academic
How to check teacher consultation?,Faculty cabin hours posted on door. Can email for appointment. Teacher-Guardian meets monthly. Office hours: as per timetable.,Academic
Tell me about teacher consultation,Faculty cabin hours posted on door. Can email for appointment. Teacher-Guardian meets monthly. Office hours: as per timetable.,Academic
How to check timetable?,Download from UMS → Academic → Timetable. Check room numbers. Practical batches announced separately.,Academic
Tell me about timetable,Download from UMS → Academic → Timetable. Check room numbers. Practical batches announced separately.,Academic
How to apply for admission?,"Visit lpu.in → Apply Now → Fill form → Upload documents → Pay ₹1,000 fee → Submit. Receive application number. Track status online.",Admissions and Administration
What is eligibility for BTech?,"10+2 with Physics, Mathematics, English. Minimum 60% marks. Valid JEE Main/LPUNEST score. Age: 17-25 years.",Admissions and Administration
Is there any entrance test?,"Yes, LPUNEST (LPU National Entrance and Scholarship Test). Online/offline mode. Syllabus: 10+2 level. Can also use JEE Main/NEET scores.",Admissions and Administration
When is LPUNEST conducted?,Multiple slots from April to July. Choose your date. Results in 3 days. Valid for scholarship determination.,Admissions and Administration
Is there any scholarship?,Yes! Merit-based: 100% to 20% based on marks/rank. Sports: Up to 100% for national players. Need-based: For economically weaker sections. Apply during admission.,Admissions and Administration
What is hostel fee?,"AC: ₹1,20,000/year. Non-AC: ₹80,000/year. Includes electricity, WiFi, laundry. Refundable security: ₹10,000. Mess separate: ₹45,000/year.",Admissions and Administration
What is mess fee?,"₹45,000/year (₹3,750/month) for 3 meals daily. Vegetarian menu. Special diet on request. Paid semester-wise. Breakfast, lunch, dinner included.",Admissions and Administration
Can I pay fees in installments?,Yes! Two installments per semester. 50% at admission + 50% after 2 months. Late fee: ₹100/day after deadline. No EMI available.,Admissions and Administration
What is refund policy?,Before semester: 90% refund (10% processing). First week: 80% refund. Second week: 60% refund. After 2 weeks: No refund. Hostel/Mess: Prorated refund.,Admissions and Administration
How to pay fees online?,UMS → Fee Payment → Select semester → Choose payment method (Debit/Credit/Net Banking/UPI) → Pay → Save receipt. Generates automatic receipt.,Admissions and Administration
What documents required for admission?,"10th marksheet, 12th marksheet, Transfer Certificate, Migration Certificate, Entrance scorecard, Category certificate (if applicable), Passport size photos (6), Aadhar card, Medical fitness certificate.",Admissions and Administration
What is admission fee?,"One-time admission fee: ₹25,000 (non-refundable). Includes registration, ID card, library card, orientation. Paid at time of admission.",Admissions and Administration
Are there any hidden charges?,"No hidden charges. Transparent fee structure. Additional: Exam form (₹600), ID card duplicate (₹500), Library fine (if books overdue), Hostel damage (if any).",Admissions and Administration
What about international student fees?,"International: $5,000-8,000/year depending on program. Includes tuition. Hostel extra. Scholarships available for SAARC students.",Admissions and Administration
Tell me about document verification,Original + 2 photocopies all certificates. Done at admission counter. Aadhar mandatory. Takes 30 minutes.,Admissions and Administration
What is document verification at LPU?,Original + 2 photocopies all certificates. Done at admission counter. Aadhar mandatory. Takes 30 minutes.,Admissions and Administration
Tell me about scholarship amount,"Based on LPUNEST rank: Top 1%=100%, Top 5%=75%, Top 10%=50%, Top 20%=25%. Maintained if CGPA>7.5.",Admissions and Administration
What is scholarship amount at LPU?,"Based on LPUNEST rank: Top 1%=100%, Top 5%=75%, Top 10%=50%, Top 20%=25%. Maintained if CGPA>7.5.",Admissions and Administration
Tell me about course duration,BTech: 4 years (8 semesters). MBA: 2 years. BBA/BCA: 3 years. Hotel Management: 4 years.,Admissions and Administration
What is course duration at LPU?,BTech: 4 years (8 semesters). MBA: 2 years. BBA/BCA: 3 years. Hotel Management: 4 years.,Admissions and Administration
Tell me about seat reservation,"15% SC, 7.5% ST, 27% OBC as per government norms. PwD: 5%. Sports quota: 3%. NRI quota: 15%.",Admissions and Administration
What is seat reservation at LPU?,"15% SC, 7.5% ST, 27% OBC as per government norms. PwD: 5%. Sports quota: 3%. NRI quota: 15%.",Admissions and Administration
Tell me about hostel allocation,First-come-first-serve. Applied during admission. AC/Non-AC choice. Cannot change mid-year. Blocks assigned by year/department.,Admissions and Administration
What is hostel allocation at LPU?,First-come-first-serve. Applied during admission. AC/Non-AC choice. Cannot change mid-year. Blocks assigned by year/department.,Admissions and Administration
Tell me about lateral entry,Diploma holders direct to 2nd year. 60% in diploma mandatory. Entrance test required. Limited seats.,Admissions and Administration
What is lateral entry at LPU?,Diploma holders direct to 2nd year. 60% in diploma mandatory. Entrance test required. Limited seats.,Admissions and Administration
Tell me about migration process,"Submit TC, migration from previous university. Processing: 2-3 weeks. Required for degree. Contact Academic Affairs.",Admissions and Administration
What is migration process at LPU?,"Submit TC, migration from previous university. Processing: 2-3 weeks. Required for degree. Contact Academic Affairs.",Admissions and Administration
Tell me about course change,Allowed within first semester. Subject to availability. May need to pay difference. HOD approval required.,Admissions and Administration
What is course change at LPU?,Allowed within first semester. Subject to availability. May need to pay difference. HOD approval required.,Admissions and Administration
What are hostel facilities?,"AC/Non-AC rooms, WiFi, laundry, gym, common room, TV, indoor games, 24/7 security, CCTV, biometric entry, warden, mess, medical room. Boys: Blocks 30-41. Girls: Blocks 14-28.",Campus Life
What is hostel timing?,Entry: Anytime. Exit: 7 PM weekdays (10 PM with permission). No time limit weekends with gate pass. Sunday: Full day out allowed. Late entry needs warden approval.,Campus Life
How many students per room?,"AC: 2 students. Non-AC: 3-4 students. Rooms: Bed, study table, chair, almirah, fan, lights. Attached bathroom in all rooms.",Campus Life
Is WiFi available in hostel?,Yes! 100 Mbps speed. 24/7 available. Coverage in all blocks. Login with UMS credentials. Free for all students. Unlimited data.,Campus Life
What is hostel food menu?,"Breakfast: Parathas, bread, jam, milk, tea. Lunch: Roti, rice, dal, sabzi, salad. Dinner: Similar to lunch. Menu changes daily. Special menu on festivals.",Campus Life
Can visitors come to hostel?,"Yes, in reception area only. Parents allowed in rooms with warden permission. Timing: 9 AM - 6 PM. Guest house available for overnight stay.",Campus Life
Is laundry facility available?,"Yes, each block has laundry room. Washing machines free. Dryer available. Iron boards. List clothes. Collect next day. Commercial laundry also available.",Campus Life
Where to eat on campus?,"Multiple options: Main mess, Food courts (A block, P block), Subway, Domino's, McDonald's, Café Coffee Day, Nescafe, Local dhabas. Open till 11 PM.",Campus Life
What is mess timing?,Breakfast: 7:30-9:30 AM. Lunch: 12-2 PM. Evening snacks: 4-6 PM. Dinner: 7-9:30 PM. Sunday special breakfast till 11 AM.,Campus Life
Can I skip mess and get refund?,No refund for skipped meals. Mess compulsory for hostel students. Can opt out next semester only. Must inform 1 month advance.,Campus Life
Are there food courts?,"Yes! A-Block food court (largest), P-Block food court. Outlets: Haldiram, Burger King, Pizza Hut, Chinese stalls, South Indian. Cards accepted.",Campus Life
Is outside food allowed?,Yes! Swiggy/Zomato delivers on campus. Receive at gate. Many restaurants nearby. Can order during hostel hours. No restriction.,Campus Life
What sports facilities available?,"Cricket ground, football field, basketball court, volleyball court, tennis court, badminton hall, swimming pool, gym, yoga center, table tennis, chess room. Professional coaches available.",Campus Life
Is there a swimming pool?,Yes! Olympic size pool. Separate timings for boys/girls. Summer: 6 AM-8 PM. Winter: 8 AM-6 PM. Certified lifeguards. Swimming classes available.,Campus Life
Where is the gym?,"Multiple gyms: Boys hostel gym (Block 34), Girls hostel gym (Block 18), Main campus gym (Sports complex). Timings: 6 AM-10 PM. Free for students. Professional trainers.",Campus Life
Is there a hospital on campus?,"Yes! 24/7 medical center near Block 24. Doctors, nurses always available. Pharmacy, ambulance, emergency care. Tie-up with Fortis hospital for serious cases.",Campus Life
What is library timing?,Regular: 8 AM - 8 PM. During exams: 24/7. Central library (6 floors). Digital library. Study rooms. Group discussion areas. AC. Silent zones.,Campus Life
How many books can I issue?,3 books for 15 days. Can renew online twice. Fine: ₹2/day after due date. Lost book: Pay cost + ₹500 processing fee.,Campus Life
Information about clubs and societies?,"100+ clubs: Coding, Robotics, Dance, Music, Drama, Photography, Literature, Social service. Join during orientation. Free participation.",Campus Life
Tell me about clubs and societies at LPU,"100+ clubs: Coding, Robotics, Dance, Music, Drama, Photography, Literature, Social service. Join during orientation. Free participation.",Campus Life
Information about WiFi on campus?,"Full campus WiFi coverage. Login with UMS ID. Speed: 100 Mbps. Library: High-speed. Unlimited data. Works in classrooms, library, hostels.",Campus Life
Tell me about WiFi on campus at LPU,"Full campus WiFi coverage. Login with UMS ID. Speed: 100 Mbps. Library: High-speed. Unlimited data. Works in classrooms, library, hostels.",Campus Life
Information about banks on campus?,"Punjab National Bank, SBI, HDFC ATMs. Main branch near admin block. Account opening drives regularly. Salary accounts for placed students.",Campus Life
Tell me about banks on campus at LPU,"Punjab National Bank, SBI, HDFC ATMs. Main branch near admin block. Account opening drives regularly. Salary accounts for placed students.",Campus Life
Information about shopping on campus?,"University mall: Stationery, xerox, printing, books, snacks, groceries. Reliance store. Medical shop. Salons. Timings: 9 AM-9 PM.",Campus Life
Tell me about shopping on campus at LPU,"University mall: Stationery, xerox, printing, books, snacks, groceries. Reliance store. Medical shop. Salons. Timings: 9 AM-9 PM.",Campus Life
Information about transport facilities?,"University buses to Phagwara, Jalandhar, Chandigarh. Affordable rates. Regular schedule. Can book via app. Parking for personal vehicles.",Campus Life
Tell me about transport facilities at LPU,"University buses to Phagwara, Jalandhar, Chandigarh. Affordable rates. Regular schedule. Can book via app. Parking for personal vehicles.",Campus Life
Information about parking?,"Free parking for students. Separate two-wheeler, four-wheeler zones. Covered parking available. Registration required. Helmet mandatory for bikes.",Campus Life
Tell me about parking at LPU,"Free parking for students. Separate two-wheeler, four-wheeler zones. Covered parking available. Registration required. Helmet mandatory for bikes.",Campus Life
Information about medical emergency?,Call 181 (campus emergency). 24/7 ambulance. Nurses in hostels. Hospital tie-ups. Insurance available. Medical room in every hostel block.,Campus Life
Tell me about medical emergency at LPU,Call 181 (campus emergency). 24/7 ambulance. Nurses in hostels. Hospital tie-ups. Insurance available. Medical room in every hostel block.,Campus Life
What is LPU placement record?,"900+ companies visit annually. Highest: ₹1.05 crore (International). Average CSE: ₹8.5 LPA. 90%+ placement rate. Top recruiters: Google, Microsoft, Amazon, Adobe, Intel.",Placements and Career
Which companies visit for placements?,"Tech Giants: Google, Microsoft, Amazon, Adobe, Oracle, Intel, Cognizant, TCS, Infosys, Wipro, HP, Dell, Cisco, VMware. Core: L&T, Tata Motors. Banking: ICICI, HDFC. Consulting: Deloitte, PwC.",Placements and Career
What is highest package?,"Highest International: ₹1.05 crore (Google, Microsoft). Highest Domestic: ₹64 LPA (Amazon). Highest CSE: ₹54 LPA. Highest MBA: ₹32 LPA. Highest Design: ₹28 LPA.",Placements and Career
What is average package?,Overall average: ₹6.5 LPA. CSE average: ₹8.5 LPA. Mechanical: ₹5.5 LPA. Civil: ₹4.5 LPA. MBA: ₹7 LPA. Design: ₹6 LPA. Mass recruiters: ₹3.5-4.5 LPA.,Placements and Career
What is eligibility for placements?,Minimum 6.0 CGPA (some companies: 7.0). 75% attendance. No active backlogs. No year gap (except COVID). No poor disciplinary record. Communication skills important.,Placements and Career
When do placements start?,Training: From 5th semester. On-campus drives: 7th semester onwards. Final placements: January-April. Summer internships: May-July. PPO conversions: Final year.,Placements and Career
What training is provided?,"Aptitude training, Coding practice, Group discussions, Mock interviews, Resume building, Communication skills, Technical skills, Personality development. Free training from 5th semester.",Placements and Career
How to register for placements?,Automatic registration if eligible. Update resume on placement portal. Maintain 6.0+ CGPA. Attend mandatory training sessions. Upload documents. Keep checking portal for drives.,Placements and Career
Can I appear in multiple companies?,"Yes, until you get placed. After 1st offer: Can appear if package<₹10 LPA. After 2nd offer: Cannot appear. PPO holders: Can sit for better packages.",Placements and Career
What is off-campus placement support?,Off-campus cell helps apply to companies. Resume forwarding. Referrals. LinkedIn connects. Startup opportunities. Freelancing guidance. Alumni network support.,Placements and Career
How to get internship?,"2 ways: 1) Campus internship drives (January-March). 2) Apply independently via portal. Minimum 5.0 CGPA. Companies: Amazon, Microsoft, Adobe visit for summer internships.",Placements and Career
Is internship mandatory?,Yes! Minimum 6 weeks internship mandatory in final year. Can be training/project. Certificate required for degree. Stipend not mandatory but preferred.,Placements and Career
What is average internship stipend?,"Tech companies: ₹20,000-50,000/month. Core Engineering: ₹10,000-15,000/month. Unpaid: Some startups. Top: Google, Microsoft (₹80,000+/month). Average overall: ₹15,000/month.",Placements and Career
Can internship convert to full-time?,Yes! PPO (Pre-Placement Offer). Good performance during internship = PPO. 60-70% interns get PPO. Can still sit for better opportunities on campus.,Placements and Career
How about aptitude test preparation?,"Daily practice from AMCAT, TCS pattern. Mock tests. Training from 5th semester. Books: R.S. Aggarwal, Arun Sharma. Online: IndiaBix.",Placements and Career
Information on aptitude test preparation,"Daily practice from AMCAT, TCS pattern. Mock tests. Training from 5th semester. Books: R.S. Aggarwal, Arun Sharma. Online: IndiaBix.",Placements and Career
How about coding interview preparation?,"LeetCode, HackerRank, CodeChef practice. DSA mandatory. Company-specific patterns. Mock interviews. Peer programming. Mentorship available.",Placements and Career
Information on coding interview preparation,"LeetCode, HackerRank, CodeChef practice. DSA mandatory. Company-specific patterns. Mock interviews. Peer programming. Mentorship available.",Placements and Career
How about resume tips?,1-page resume. Projects highlighted. Skills section. CGPA if >7.5. Achievements. No spelling errors. ATS-friendly format. Updated regularly.,Placements and Career
Information on resume tips,1-page resume. Projects highlighted. Skills section. CGPA if >7.5. Achievements. No spelling errors. ATS-friendly format. Updated regularly.,Placements and Career
How about interview tips?,Research company. Prepare projects. DS-Algo strong. Confidence. Professional attire. Body language. STAR method. Ask questions. Follow up.,Placements and Career
Information on interview tips,Research company. Prepare projects. DS-Algo strong. Confidence. Professional attire. Body language. STAR method. Ask questions. Follow up.,Placements and Career
How about mass recruiters?,"TCS, Infosys, Wipro, Cognizant, Accenture. Package: ₹3.5-4.5 LPA. Large hiring. Good for job security. Training provided. Bulk offers.",Placements and Career
Information on mass recruiters,"TCS, Infosys, Wipro, Cognizant, Accenture. Package: ₹3.5-4.5 LPA. Large hiring. Good for job security. Training provided. Bulk offers.",Placements and Career
How about dream companies?,"Google, Microsoft, Amazon, Adobe, Goldman Sachs. Package: ₹15-64 LPA. Tough interviews. Limited seats. Best for high CGPA students.",Placements and Career
Information on dream companies,"Google, Microsoft, Amazon, Adobe, Goldman Sachs. Package: ₹15-64 LPA. Tough interviews. Limited seats. Best for high CGPA students.",Placements and Career
How about startup opportunities?,50+ startups visit. Packages: ₹6-12 LPA. Good learning. Fast growth. Stock options. Flexible culture. Risk vs established firms.,Placements and Career
Information on startup opportunities,50+ startups visit. Packages: ₹6-12 LPA. Good learning. Fast growth. Stock options. Flexible culture. Risk vs established firms.,Placements and Career
How about core engineering placements?,"L&T, Tata Motors, Mahindra, Ashok Leyland. Package: ₹4-7 LPA. Field jobs. Good benefits. Government PSUs also visit.",Placements and Career
Information on core engineering placements,"L&T, Tata Motors, Mahindra, Ashok Leyland. Package: ₹4-7 LPA. Field jobs. Good benefits. Government PSUs also visit.",Placements and Career
What is dress code?,"Monday-Friday: Formal (shirt, trousers, shoes). Saturday-Sunday: Casual allowed. Hostel: Casual anytime. ID card mandatory. No slippers in academic blocks.",Rules Safety and Grievance
Is ragging allowed?,Absolutely NO ragging. Zero tolerance policy. 24/7 helpline: 1800-180-5522. Immediate action. Police complaint. Expulsion for offenders. Anonymous complaints accepted.,Rules Safety and Grievance
What is ID card policy?,"Mandatory everywhere. Entry gates, exams, library. Wear around neck. Lost: Apply for duplicate (₹500). Lending ID: Punishable. Required for all activities.",Rules Safety and Grievance
Can I use mobile in class?,No! Strict ban. Must be on silent. Teachers can confiscate. Fine: ₹500. Repeat offense: Parents called. Use only in breaks. Photo/video in class: Prohibited.,Rules Safety and Grievance
How to apply for duty leave?,UMS → RMS → Duty Leave → Fill reason → Upload supporting documents → Submit to HOD → Approval in 2-3 days. Valid for 3-7 days. Medical certificate if health reason.,Rules Safety and Grievance
What is medical leave procedure?,Get doctor's certificate → Upload to UMS RMS portal → Submit to warden + HOD → Approval in 24 hours. Counted in attendance if approved. Hospital admission: Longer leave possible.,Rules Safety and Grievance
How many days leave allowed?,Medical Leave: 10 days/semester with certificate. Duty Leave: 5 days/semester for events. Emergency: Case by case. Festival leave: As per calendar. Total: Max 10% of classes.,Rules Safety and Grievance
What are disciplinary actions?,"Warnings: Verbal → Written → Parents called. Fines: ₹500-5,000. Suspension: 1 week to 1 semester. Rustication: Permanent removal for serious offenses. All recorded.",Rules Safety and Grievance
What is anti-ragging policy?,Comprehensive policy. Awareness sessions. Student committees. Faculty vigilance. CCTV monitoring. Surprise checks. Strict punishments. Website: antiragging.in,Rules Safety and Grievance
How to file grievance?,Online: UMS → Grievance Portal → File complaint → Track status. Offline: Write to Student Welfare office. Anonymous: Drop in suggestion box. Response: 7 working days.,Rules Safety and Grievance
What is unfair means case (UMC)?,"Cheating in exams = UMC. Punishments: Cancellation of exam, Entire semester cancelled, Suspension, Expulsion (repeat offense). Parents informed. Shows on records.",Rules Safety and Grievance
What are hostel discipline rules?,In by 10 PM. Noise: Before 11 PM. No alcohol/smoking. No opposite gender in rooms. Room inspection monthly. Cleanliness mandatory. Damage charges applicable.,Rules Safety and Grievance
Tell me about hostel discipline,In by 10 PM. Noise: Before 11 PM. No alcohol/smoking. No opposite gender in rooms. Room inspection monthly. Cleanliness mandatory. Damage charges applicable.,Rules Safety and Grievance
What are exam hall rules rules?,ID card compulsory. 15 min before time. No electronic devices. No talking. Blue/black pen only. Don't cross limit lines. Leave by permission. No cheating.,Rules Safety and Grievance
Tell me about exam hall rules,ID card compulsory. 15 min before time. No electronic devices. No talking. Blue/black pen only. Don't cross limit lines. Leave by permission. No cheating.,Rules Safety and Grievance
What are library rules rules?,Silence mandatory. No food/drinks. No bags inside. Deposit at counter. Books: 15 days max. Fine for late return. No tearing pages. Study seats: First come.,Rules Safety and Grievance
Tell me about library rules,Silence mandatory. No food/drinks. No bags inside. Deposit at counter. Books: 15 days max. Fine for late return. No tearing pages. Study seats: First come.,Rules Safety and Grievance
What are security measures rules?,24/7 security guards. CCTV coverage. Biometric entry. Night patrolling. Emergency numbers displayed. Fire safety equipment. Regular safety drills.,Rules Safety and Grievance
Tell me about security measures,24/7 security guards. CCTV coverage. Biometric entry. Night patrolling. Emergency numbers displayed. Fire safety equipment. Regular safety drills.,Rules Safety and Grievance
What are COVID protocols rules?,Mask mandatory. Sanitizers available. Social distancing. Temperature checks. Vaccination preferred. Quarantine facility. Online classes backup ready.,Rules Safety and Grievance
Tell me about COVID protocols,Mask mandatory. Sanitizers available. Social distancing. Temperature checks. Vaccination preferred. Quarantine facility. Online classes backup ready.,Rules Safety and Grievance
What is LPU address?,"Lovely Professional University, Phagwara-Delhi G.T. Road (NH-1), Phagwara, Punjab - 144411, India. Near Jalandhar (25 km). 2 hours from Chandigarh.",General
LPU contact number?,Main helpline: +91-1824-517000. Admissions: +91-1824-404404. International: +91-1824-515000. Email: info@lpu.co.in. 24/7 available.,General
What is UMS?,"University Management System. Student portal: ums.lpu.in. Login: Student ID + password. Access: Attendance, marks, fees, timetable, library, placement, everything.",General
How much is LPU campus area?,600+ acres sprawling campus. 50+ buildings. World's 2nd largest single campus. Distance end-to-end: ~3 km. Shuttle buses available.,General
Is LPU UGC approved?,Yes! UGC approved. NAAC A++ accredited. Deemed-to-be-University under Section 3 of UGC Act 1956. All degrees valid.,General
LPU ranking?,NIRF Ranking: University category top 30. QS World Rankings: 801-1000 band. India Today: Top 10 private universities. Week: #1 private university.,General
Which railway station nearest?,Phagwara Junction (3 km). Good connectivity. University bus available. Auto: ₹50-80. Walking distance. Jalandhar City (25 km) for more trains.,General
Which airport nearest?,"Chandigarh Airport (120 km, 2 hours). Amritsar Airport (80 km, 1.5 hours). Delhi Airport (350 km, 6 hours). Cab facility available.",General
Is LPU coeducational?,"Yes, fully coeducational. Equal opportunities. Separate hostels for boys and girls. Mixed classes. Equal representation in all activities.",General
Total students in LPU?,"30,000+ students. 70+ countries represented. 3,000+ international students. Faculty: 2,000+. Staff: 4,000+. Largest private university.",General
Who is LPU chancellor?,"Mr. Ashok Kumar Mittal, Founder Chancellor. Mrs. Rashmi Mittal, Pro Chancellor. Mr. Lovjeet Singh Mittal, Member. Visionary leaders.",General
When was LPU established?,Established: 2005 as LPU. Earlier Lovely Institute (1995). 20+ years of excellence. Rapid growth. Now India's largest private university.,General
What is the CGPA calculation?,CGPA is calculated by dividing total grade points by total credits.,General
How does CGPA calculation work at LPU?,CGPA is calculated by dividing total grade points by total credits.,General
Tell me about CGPA calculation.,CGPA is calculated by dividing total grade points by total credits.,General
I want to know about CGPA calculation.,CGPA is calculated by dividing total grade points by total credits.,General
What are the details for CGPA calculation?,CGPA is calculated by dividing total grade points by total credits.,General
Can you explain CGPA calculation?,CGPA is calculated by dividing total grade points by total credits.,General
Where can I find info on CGPA calculation?,CGPA is calculated by dividing total grade points by total credits.,General
Importance of CGPA calculation?,CGPA is calculated by dividing total grade points by total credits.,General
Process for CGPA calculation?,CGPA is calculated by dividing total grade points by total credits.,General
Guidelines for CGPA calculation.,CGPA is calculated by dividing total grade points by total credits.,General
What is the attendance policy?,75% attendance is mandatory for all students to avoid detention.,General
How does attendance policy work at LPU?,75% attendance is mandatory for all students to avoid detention.,General
Tell me about attendance policy.,75% attendance is mandatory for all students to avoid detention.,General
I want to know about attendance policy.,75% attendance is mandatory for all students to avoid detention.,General
What are the details for attendance policy?,75% attendance is mandatory for all students to avoid detention.,General
Can you explain attendance policy?,75% attendance is mandatory for all students to avoid detention.,General
Where can I find info on attendance policy?,75% attendance is mandatory for all students to avoid detention.,General
Importance of attendance policy?,75% attendance is mandatory for all students to avoid detention.,General
Process for attendance policy?,75% attendance is mandatory for all students to avoid detention.,General
Guidelines for attendance policy.,75% attendance is mandatory for all students to avoid detention.,General
What is the MTE exams?,Mid-term exams usually hold 20% weightage in the total grade.,General
How does MTE exams work at LPU?,Mid-term exams usually hold 20% weightage in the total grade.,General
Tell me about MTE exams.,Mid-term exams usually hold 20% weightage in the total grade.,General
I want to know about MTE exams.,Mid-term exams usually hold 20% weightage in the total grade.,General
What are the details for MTE exams?,Mid-term exams usually hold 20% weightage in the total grade.,General
Can you explain MTE exams?,Mid-term exams usually hold 20% weightage in the total grade.,General
Where can I find info on MTE exams?,Mid-term exams usually hold 20% weightage in the total grade.,General
Importance of MTE exams?,Mid-term exams usually hold 20% weightage in the total grade.,General
Process for MTE exams?,Mid-term exams usually hold 20% weightage in the total grade.,General
Guidelines for MTE exams.,Mid-term exams usually hold 20% weightage in the total grade.,General
What is the ETE exams?,End-term exams are comprehensive and usually hold 60% weightage.,General
How does ETE exams work at LPU?,End-term exams are comprehensive and usually hold 60% weightage.,General
Tell me about ETE exams.,End-term exams are comprehensive and usually hold 60% weightage.,General
I want to know about ETE exams.,End-term exams are comprehensive and usually hold 60% weightage.,General
What are the details for ETE exams?,End-term exams are comprehensive and usually hold 60% weightage.,General
Can you explain ETE exams?,End-term exams are comprehensive and usually hold 60% weightage.,General
Where can I find info on ETE exams?,End-term exams are comprehensive and usually hold 60% weightage.,General
Importance of ETE exams?,End-term exams are comprehensive and usually hold 60% weightage.,General
Process for ETE exams?,End-term exams are comprehensive and usually hold 60% weightage.,General
Guidelines for ETE exams.,End-term exams are comprehensive and usually hold 60% weightage.,General
What is the supplementary exams?,Students can clear backlogs by appearing in supplementary exams.,General
How does supplementary exams work at LPU?,Students can clear backlogs by appearing in supplementary exams.,General
Tell me about supplementary exams.,Students can clear backlogs by appearing in supplementary exams.,General
I want to know about supplementary exams.,Students can clear backlogs by appearing in supplementary exams.,General
What are the details for supplementary exams?,Students can clear backlogs by appearing in supplementary exams.,General
Can you explain supplementary exams?,Students can clear backlogs by appearing in supplementary exams.,General
Where can I find info on supplementary exams?,Students can clear backlogs by appearing in supplementary exams.,General
Importance of supplementary exams?,Students can clear backlogs by appearing in supplementary exams.,General
Process for supplementary exams?,Students can clear backlogs by appearing in supplementary exams.,General
Guidelines for supplementary exams.,Students can clear backlogs by appearing in supplementary exams.,General
What is the grade cards?,Grade cards can be downloaded from the UMS portal after results.,General
How does grade cards work at LPU?,Grade cards can be downloaded from the UMS portal after results.,General
Tell me about grade cards.,Grade cards can be downloaded from the UMS portal after results.,General
I want to know about grade cards.,Grade cards can be downloaded from the UMS portal after results.,General
What are the details for grade cards?,Grade cards can be downloaded from the UMS portal after results.,General
Can you explain grade cards?,Grade cards can be downloaded from the UMS portal after results.,General
Where can I find info on grade cards?,Grade cards can be downloaded from the UMS portal after results.,General
Importance of grade cards?,Grade cards can be downloaded from the UMS portal after results.,General
Process for grade cards?,Grade cards can be downloaded from the UMS portal after results.,General
Guidelines for grade cards.,Grade cards can be downloaded from the UMS portal after results.,General
What is the Teacher Guardian?,Every student is assigned a TG for academic and personal guidance.,General
How does Teacher Guardian work at LPU?,Every student is assigned a TG for academic and personal guidance.,General
Tell me about Teacher Guardian.,Every student is assigned a TG for academic and personal guidance.,General
I want to know about Teacher Guardian.,Every student is assigned a TG for academic and personal guidance.,General
What are the details for Teacher Guardian?,Every student is assigned a TG for academic and personal guidance.,General
Can you explain Teacher Guardian?,Every student is assigned a TG for academic and personal guidance.,General
Where can I find info on Teacher Guardian?,Every student is assigned a TG for academic and personal guidance.,General
Importance of Teacher Guardian?,Every student is assigned a TG for academic and personal guidance.,General
Process for Teacher Guardian?,Every student is assigned a TG for academic and personal guidance.,General
Guidelines for Teacher Guardian.,Every student is assigned a TG for academic and personal guidance.,General
What is the credit system?,LPU follows a Choice Based Credit System (CBCS).,General
How does credit system work at LPU?,LPU follows a Choice Based Credit System (CBCS).,General
Tell me about credit system.,LPU follows a Choice Based Credit System (CBCS).,General
I want to know about credit system.,LPU follows a Choice Based Credit System (CBCS).,General
What are the details for credit system?,LPU follows a Choice Based Credit System (CBCS).,General
Can you explain credit system?,LPU follows a Choice Based Credit System (CBCS).,General
Where can I find info on credit system?,LPU follows a Choice Based Credit System (CBCS).,General
Importance of credit system?,LPU follows a Choice Based Credit System (CBCS).,General
Process for credit system?,LPU follows a Choice Based Credit System (CBCS).,General
Guidelines for credit system.,LPU follows a Choice Based Credit System (CBCS).,General
What is the minor degrees?,Students can opt for a minor degree in a different specialization.,General
How does minor degrees work at LPU?,Students can opt for a minor degree in a different specialization.,General
Tell me about minor degrees.,Students can opt for a minor degree in a different specialization.,General
I want to know about minor degrees.,Students can opt for a minor degree in a different specialization.,General
What are the details for minor degrees?,Students can opt for a minor degree in a different specialization.,General
Can you explain minor degrees?,Students can opt for a minor degree in a different specialization.,General
Where can I find info on minor degrees?,Students can opt for a minor degree in a different specialization.,General
Importance of minor degrees?,Students can opt for a minor degree in a different specialization.,General
Process for minor degrees?,Students can opt for a minor degree in a different specialization.,General
Guidelines for minor degrees.,Students can opt for a minor degree in a different specialization.,General
What is the CA components?,"Continuous Assessment includes assignments, quizzes, and projects.",General
How does CA components work at LPU?,"Continuous Assessment includes assignments, quizzes, and projects.",General
Tell me about CA components.,"Continuous Assessment includes assignments, quizzes, and projects.",General
I want to know about CA components.,"Continuous Assessment includes assignments, quizzes, and projects.",General
What are the details for CA components?,"Continuous Assessment includes assignments, quizzes, and projects.",General
Can you explain CA components?,"Continuous Assessment includes assignments, quizzes, and projects.",General
Where can I find info on CA components?,"Continuous Assessment includes assignments, quizzes, and projects.",General
Importance of CA components?,"Continuous Assessment includes assignments, quizzes, and projects.",General
Process for CA components?,"Continuous Assessment includes assignments, quizzes, and projects.",General
Guidelines for CA components.,"Continuous Assessment includes assignments, quizzes, and projects.",General
What is the admission process?,Apply online at lpu.in and appear for LPUNEST for admission.,General
How does admission process work at LPU?,Apply online at lpu.in and appear for LPUNEST for admission.,General
Tell me about admission process.,Apply online at lpu.in and appear for LPUNEST for admission.,General
I want to know about admission process.,Apply online at lpu.in and appear for LPUNEST for admission.,General
What are the details for admission process?,Apply online at lpu.in and appear for LPUNEST for admission.,General
Can you explain admission process?,Apply online at lpu.in and appear for LPUNEST for admission.,General
Where can I find info on admission process?,Apply online at lpu.in and appear for LPUNEST for admission.,General
Importance of admission process?,Apply online at lpu.in and appear for LPUNEST for admission.,General
Process for admission process?,Apply online at lpu.in and appear for LPUNEST for admission.,General
Guidelines for admission process.,Apply online at lpu.in and appear for LPUNEST for admission.,General
What is the LPUNEST?,LPUNEST is LPU's entrance and scholarship test.,General
How does LPUNEST work at LPU?,LPUNEST is LPU's entrance and scholarship test.,General
Tell me about LPUNEST.,LPUNEST is LPU's entrance and scholarship test.,General
I want to know about LPUNEST.,LPUNEST is LPU's entrance and scholarship test.,General
What are the details for LPUNEST?,LPUNEST is LPU's entrance and scholarship test.,General
Can you explain LPUNEST?,LPUNEST is LPU's entrance and scholarship test.,General
Where can I find info on LPUNEST?,LPUNEST is LPU's entrance and scholarship test.,General
Importance of LPUNEST?,LPUNEST is LPU's entrance and scholarship test.,General
Process for LPUNEST?,LPUNEST is LPU's entrance and scholarship test.,General
Guidelines for LPUNEST.,LPUNEST is LPU's entrance and scholarship test.,General
What is the scholarship types?,"Scholarships are available based on merit, sports, and social service.",General
How does scholarship types work at LPU?,"Scholarships are available based on merit, sports, and social service.",General
Tell me about scholarship types.,"Scholarships are available based on merit, sports, and social service.",General
I want to know about scholarship types.,"Scholarships are available based on merit, sports, and social service.",General
What are the details for scholarship types?,"Scholarships are available based on merit, sports, and social service.",General
Can you explain scholarship types?,"Scholarships are available based on merit, sports, and social service.",General
Where can I find info on scholarship types?,"Scholarships are available based on merit, sports, and social service.",General
Importance of scholarship types?,"Scholarships are available based on merit, sports, and social service.",General
Process for scholarship types?,"Scholarships are available based on merit, sports, and social service.",General
Guidelines for scholarship types.,"Scholarships are available based on merit, sports, and social service.",General
What is the fee payment?,Fees can be paid online via UMS or at the accounts office.,General
How does fee payment work at LPU?,Fees can be paid online via UMS or at the accounts office.,General
Tell me about fee payment.,Fees can be paid online via UMS or at the accounts office.,General
I want to know about fee payment.,Fees can be paid online via UMS or at the accounts office.,General
What are the details for fee payment?,Fees can be paid online via UMS or at the accounts office.,General
Can you explain fee payment?,Fees can be paid online via UMS or at the accounts office.,General
Where can I find info on fee payment?,Fees can be paid online via UMS or at the accounts office.,General
Importance of fee payment?,Fees can be paid online via UMS or at the accounts office.,General
Process for fee payment?,Fees can be paid online via UMS or at the accounts office.,General
Guidelines for fee payment.,Fees can be paid online via UMS or at the accounts office.,General
What is the hostel booking?,Hostels can be booked during the admission process on a first-come basis.,General
How does hostel booking work at LPU?,Hostels can be booked during the admission process on a first-come basis.,General
Tell me about hostel booking.,Hostels can be booked during the admission process on a first-come basis.,General
I want to know about hostel booking.,Hostels can be booked during the admission process on a first-come basis.,General
What are the details for hostel booking?,Hostels can be booked during the admission process on a first-come basis.,General
Can you explain hostel booking?,Hostels can be booked during the admission process on a first-come basis.,General
Where can I find info on hostel booking?,Hostels can be booked during the admission process on a first-come basis.,General
Importance of hostel booking?,Hostels can be booked during the admission process on a first-come basis.,General
Process for hostel booking?,Hostels can be booked during the admission process on a first-come basis.,General
Guidelines for hostel booking.,Hostels can be booked during the admission process on a first-come basis.,General
What is the mess options?,"Students can choose between Standard, North Indian, and South Indian mess.",General
How does mess options work at LPU?,"Students can choose between Standard, North Indian, and South Indian mess.",General
Tell me about mess options.,"Students can choose between Standard, North Indian, and South Indian mess.",General
I want to know about mess options.,"Students can choose between Standard, North Indian, and South Indian mess.",General
What are the details for mess options?,"Students can choose between Standard, North Indian, and South Indian mess.",General
Can you explain mess options?,"Students can choose between Standard, North Indian, and South Indian mess.",General
Where can I find info on mess options?,"Students can choose between Standard, North Indian, and South Indian mess.",General
Importance of mess options?,"Students can choose between Standard, North Indian, and South Indian mess.",General
Process for mess options?,"Students can choose between Standard, North Indian, and South Indian mess.",General
Guidelines for mess options.,"Students can choose between Standard, North Indian, and South Indian mess.",General
What is the document verification?,Original documents must be verified at the time of admission.,General
How does document verification work at LPU?,Original documents must be verified at the time of admission.,General
Tell me about document verification.,Original documents must be verified at the time of admission.,General
I want to know about document verification.,Original documents must be verified at the time of admission.,General
What are the details for document verification?,Original documents must be verified at the time of admission.,General
Can you explain document verification?,Original documents must be verified at the time of admission.,General
Where can I find info on document verification?,Original documents must be verified at the time of admission.,General
Importance of document verification?,Original documents must be verified at the time of admission.,General
Process for document verification?,Original documents must be verified at the time of admission.,General
Guidelines for document verification.,Original documents must be verified at the time of admission.,General
What is the refund policy?,Refunds are processed as per UGC and university norms.,General
How does refund policy work at LPU?,Refunds are processed as per UGC and university norms.,General
Tell me about refund policy.,Refunds are processed as per UGC and university norms.,General
I want to know about refund policy.,Refunds are processed as per UGC and university norms.,General
What are the details for refund policy?,Refunds are processed as per UGC and university norms.,General
Can you explain refund policy?,Refunds are processed as per UGC and university norms.,General
Where can I find info on refund policy?,Refunds are processed as per UGC and university norms.,General
Importance of refund policy?,Refunds are processed as per UGC and university norms.,General
Process for refund policy?,Refunds are processed as per UGC and university norms.,General
Guidelines for refund policy.,Refunds are processed as per UGC and university norms.,General
What is the loan assistance?,LPU provides assistance for education loans with various banks.,General
How does loan assistance work at LPU?,LPU provides assistance for education loans with various banks.,General
Tell me about loan assistance.,LPU provides assistance for education loans with various banks.,General
I want to know about loan assistance.,LPU provides assistance for education loans with various banks.,General
What are the details for loan assistance?,LPU provides assistance for education loans with various banks.,General
Can you explain loan assistance?,LPU provides assistance for education loans with various banks.,General
Where can I find info on loan assistance?,LPU provides assistance for education loans with various banks.,General
Importance of loan assistance?,LPU provides assistance for education loans with various banks.,General
Process for loan assistance?,LPU provides assistance for education loans with various banks.,General
Guidelines for loan assistance.,LPU provides assistance for education loans with various banks.,General
What is the admission हेल्पलाइन?,Contact +91-1824-517000 for any admission-related queries.,General
How does admission हेल्पलाइन work at LPU?,Contact +91-1824-517000 for any admission-related queries.,General
Tell me about admission हेल्पलाइन.,Contact +91-1824-517000 for any admission-related queries.,General
I want to know about admission हेल्पलाइन.,Contact +91-1824-517000 for any admission-related queries.,General
What are the details for admission हेल्पलाइन?,Contact +91-1824-517000 for any admission-related queries.,General
Can you explain admission हेल्पलाइन?,Contact +91-1824-517000 for any admission-related queries.,General
Where can I find info on admission हेल्पलाइन?,Contact +91-1824-517000 for any admission-related queries.,General
Importance of admission हेल्पलाइन?,Contact +91-1824-517000 for any admission-related queries.,General
Process for admission हेल्पलाइन?,Contact +91-1824-517000 for any admission-related queries.,General
Guidelines for admission हेल्पलाइन.,Contact +91-1824-517000 for any admission-related queries.,General
What is the hostel facilities?,"Hostels include WiFi, laundry, gym, and 24/7 security.",General
How does hostel facilities work at LPU?,"Hostels include WiFi, laundry, gym, and 24/7 security.",General
Tell me about hostel facilities.,"Hostels include WiFi, laundry, gym, and 24/7 security.",General
I want to know about hostel facilities.,"Hostels include WiFi, laundry, gym, and 24/7 security.",General
What are the details for hostel facilities?,"Hostels include WiFi, laundry, gym, and 24/7 security.",General
Can you explain hostel facilities?,"Hostels include WiFi, laundry, gym, and 24/7 security.",General
Where can I find info on hostel facilities?,"Hostels include WiFi, laundry, gym, and 24/7 security.",General
Importance of hostel facilities?,"Hostels include WiFi, laundry, gym, and 24/7 security.",General
Process for hostel facilities?,"Hostels include WiFi, laundry, gym, and 24/7 security.",General
Guidelines for hostel facilities.,"Hostels include WiFi, laundry, gym, and 24/7 security.",General
What is the food courts?,A-Block and P-Block host major food courts with international brands.,General
How does food courts work at LPU?,A-Block and P-Block host major food courts with international brands.,General
Tell me about food courts.,A-Block and P-Block host major food courts with international brands.,General
I want to know about food courts.,A-Block and P-Block host major food courts with international brands.,General
What are the details for food courts?,A-Block and P-Block host major food courts with international brands.,General
Can you explain food courts?,A-Block and P-Block host major food courts with international brands.,General
Where can I find info on food courts?,A-Block and P-Block host major food courts with international brands.,General
Importance of food courts?,A-Block and P-Block host major food courts with international brands.,General
Process for food courts?,A-Block and P-Block host major food courts with international brands.,General
Guidelines for food courts.,A-Block and P-Block host major food courts with international brands.,General
What is the sports complex?,The Shanti Devi Mittal Indoor Sports Complex is world-class.,General
How does sports complex work at LPU?,The Shanti Devi Mittal Indoor Sports Complex is world-class.,General
Tell me about sports complex.,The Shanti Devi Mittal Indoor Sports Complex is world-class.,General
I want to know about sports complex.,The Shanti Devi Mittal Indoor Sports Complex is world-class.,General
What are the details for sports complex?,The Shanti Devi Mittal Indoor Sports Complex is world-class.,General
Can you explain sports complex?,The Shanti Devi Mittal Indoor Sports Complex is world-class.,General
Where can I find info on sports complex?,The Shanti Devi Mittal Indoor Sports Complex is world-class.,General
Importance of sports complex?,The Shanti Devi Mittal Indoor Sports Complex is world-class.,General
Process for sports complex?,The Shanti Devi Mittal Indoor Sports Complex is world-class.,General
Guidelines for sports complex.,The Shanti Devi Mittal Indoor Sports Complex is world-class.,General
What is the uni-mall?,The on-campus mall has everything from groceries to electronics.,General
How does uni-mall work at LPU?,The on-campus mall has everything from groceries to electronics.,General
Tell me about uni-mall.,The on-campus mall has everything from groceries to electronics.,General
I want to know about uni-mall.,The on-campus mall has everything from groceries to electronics.,General
What are the details for uni-mall?,The on-campus mall has everything from groceries to electronics.,General
Can you explain uni-mall?,The on-campus mall has everything from groceries to electronics.,General
Where can I find info on uni-mall?,The on-campus mall has everything from groceries to electronics.,General
Importance of uni-mall?,The on-campus mall has everything from groceries to electronics.,General
Process for uni-mall?,The on-campus mall has everything from groceries to electronics.,General
Guidelines for uni-mall.,The on-campus mall has everything from groceries to electronics.,General
What is the WiFi access?,Full campus is WiFi-enabled with high-speed connectivity.,General
How does WiFi access work at LPU?,Full campus is WiFi-enabled with high-speed connectivity.,General
Tell me about WiFi access.,Full campus is WiFi-enabled with high-speed connectivity.,General
I want to know about WiFi access.,Full campus is WiFi-enabled with high-speed connectivity.,General
What are the details for WiFi access?,Full campus is WiFi-enabled with high-speed connectivity.,General
Can you explain WiFi access?,Full campus is WiFi-enabled with high-speed connectivity.,General
Where can I find info on WiFi access?,Full campus is WiFi-enabled with high-speed connectivity.,General
Importance of WiFi access?,Full campus is WiFi-enabled with high-speed connectivity.,General
Process for WiFi access?,Full campus is WiFi-enabled with high-speed connectivity.,General
Guidelines for WiFi access.,Full campus is WiFi-enabled with high-speed connectivity.,General
What is the medical center?,LPU has a 24/7 hospital with ambulance services.,General
How does medical center work at LPU?,LPU has a 24/7 hospital with ambulance services.,General
Tell me about medical center.,LPU has a 24/7 hospital with ambulance services.,General
I want to know about medical center.,LPU has a 24/7 hospital with ambulance services.,General
What are the details for medical center?,LPU has a 24/7 hospital with ambulance services.,General
Can you explain medical center?,LPU has a 24/7 hospital with ambulance services.,General
Where can I find info on medical center?,LPU has a 24/7 hospital with ambulance services.,General
Importance of medical center?,LPU has a 24/7 hospital with ambulance services.,General
Process for medical center?,LPU has a 24/7 hospital with ambulance services.,General
Guidelines for medical center.,LPU has a 24/7 hospital with ambulance services.,General
What is the clubs and societies?,"Join 100+ clubs like dancing, coding, and photography.",General
How does clubs and societies work at LPU?,"Join 100+ clubs like dancing, coding, and photography.",General
Tell me about clubs and societies.,"Join 100+ clubs like dancing, coding, and photography.",General
I want to know about clubs and societies.,"Join 100+ clubs like dancing, coding, and photography.",General
What are the details for clubs and societies?,"Join 100+ clubs like dancing, coding, and photography.",General
Can you explain clubs and societies?,"Join 100+ clubs like dancing, coding, and photography.",General
Where can I find info on clubs and societies?,"Join 100+ clubs like dancing, coding, and photography.",General
Importance of clubs and societies?,"Join 100+ clubs like dancing, coding, and photography.",General
Process for clubs and societies?,"Join 100+ clubs like dancing, coding, and photography.",General
Guidelines for clubs and societies.,"Join 100+ clubs like dancing, coding, and photography.",General
What is the university fests?,Global Carnival and One India are the biggest annual fests.,General
How does university fests work at LPU?,Global Carnival and One India are the biggest annual fests.,General
Tell me about university fests.,Global Carnival and One India are the biggest annual fests.,General
I want to know about university fests.,Global Carnival and One India are the biggest annual fests.,General
What are the details for university fests?,Global Carnival and One India are the biggest annual fests.,General
Can you explain university fests?,Global Carnival and One India are the biggest annual fests.,General
Where can I find info on university fests?,Global Carnival and One India are the biggest annual fests.,General
Importance of university fests?,Global Carnival and One India are the biggest annual fests.,General
Process for university fests?,Global Carnival and One India are the biggest annual fests.,General
Guidelines for university fests.,Global Carnival and One India are the biggest annual fests.,General
What is the transport?,Bus services are available for students from nearby cities.,General
How does transport work at LPU?,Bus services are available for students from nearby cities.,General
Tell me about transport.,Bus services are available for students from nearby cities.,General
I want to know about transport.,Bus services are available for students from nearby cities.,General
What are the details for transport?,Bus services are available for students from nearby cities.,General
Can you explain transport?,Bus services are available for students from nearby cities.,General
Where can I find info on transport?,Bus services are available for students from nearby cities.,General
Importance of transport?,Bus services are available for students from nearby cities.,General
Process for transport?,Bus services are available for students from nearby cities.,General
Guidelines for transport.,Bus services are available for students from nearby cities.,General
What is the library?,The central library is open 24/7 during exam periods.,General
How does library work at LPU?,The central library is open 24/7 during exam periods.,General
Tell me about library.,The central library is open 24/7 during exam periods.,General
I want to know about library.,The central library is open 24/7 during exam periods.,General
What are the details for library?,The central library is open 24/7 during exam periods.,General
Can you explain library?,The central library is open 24/7 during exam periods.,General
Where can I find info on library?,The central library is open 24/7 during exam periods.,General
Importance of library?,The central library is open 24/7 during exam periods.,General
Process for library?,The central library is open 24/7 during exam periods.,General
Guidelines for library.,The central library is open 24/7 during exam periods.,General
What is the highest package?,LPU has recorded a package as high as 1 crore+ internationally.,General
How does highest package work at LPU?,LPU has recorded a package as high as 1 crore+ internationally.,General
Tell me about highest package.,LPU has recorded a package as high as 1 crore+ internationally.,General
I want to know about highest package.,LPU has recorded a package as high as 1 crore+ internationally.,General
What are the details for highest package?,LPU has recorded a package as high as 1 crore+ internationally.,General
Can you explain highest package?,LPU has recorded a package as high as 1 crore+ internationally.,General
Where can I find info on highest package?,LPU has recorded a package as high as 1 crore+ internationally.,General
Importance of highest package?,LPU has recorded a package as high as 1 crore+ internationally.,General
Process for highest package?,LPU has recorded a package as high as 1 crore+ internationally.,General
Guidelines for highest package.,LPU has recorded a package as high as 1 crore+ internationally.,General
What is the top recruiters?,"Google, Microsoft, Amazon, and Adobe are regular recruiters.",General
How does top recruiters work at LPU?,"Google, Microsoft, Amazon, and Adobe are regular recruiters.",General
Tell me about top recruiters.,"Google, Microsoft, Amazon, and Adobe are regular recruiters.",General
I want to know about top recruiters.,"Google, Microsoft, Amazon, and Adobe are regular recruiters.",General
What are the details for top recruiters?,"Google, Microsoft, Amazon, and Adobe are regular recruiters.",General
Can you explain top recruiters?,"Google, Microsoft, Amazon, and Adobe are regular recruiters.",General
Where can I find info on top recruiters?,"Google, Microsoft, Amazon, and Adobe are regular recruiters.",General
Importance of top recruiters?,"Google, Microsoft, Amazon, and Adobe are regular recruiters.",General
Process for top recruiters?,"Google, Microsoft, Amazon, and Adobe are regular recruiters.",General
Guidelines for top recruiters.,"Google, Microsoft, Amazon, and Adobe are regular recruiters.",General
What is the PEP classes?,Professional Enhancement Programs (PEP) prepare students for interviews.,General
How does PEP classes work at LPU?,Professional Enhancement Programs (PEP) prepare students for interviews.,General
Tell me about PEP classes.,Professional Enhancement Programs (PEP) prepare students for interviews.,General
I want to know about PEP classes.,Professional Enhancement Programs (PEP) prepare students for interviews.,General
What are the details for PEP classes?,Professional Enhancement Programs (PEP) prepare students for interviews.,General
Can you explain PEP classes?,Professional Enhancement Programs (PEP) prepare students for interviews.,General
Where can I find info on PEP classes?,Professional Enhancement Programs (PEP) prepare students for interviews.,General
Importance of PEP classes?,Professional Enhancement Programs (PEP) prepare students for interviews.,General
Process for PEP classes?,Professional Enhancement Programs (PEP) prepare students for interviews.,General
Guidelines for PEP classes.,Professional Enhancement Programs (PEP) prepare students for interviews.,General
What is the internships?,LPU helps students secure summer and semester-long internships.,General
How does internships work at LPU?,LPU helps students secure summer and semester-long internships.,General
Tell me about internships.,LPU helps students secure summer and semester-long internships.,General
I want to know about internships.,LPU helps students secure summer and semester-long internships.,General
What are the details for internships?,LPU helps students secure summer and semester-long internships.,General
Can you explain internships?,LPU helps students secure summer and semester-long internships.,General
Where can I find info on internships?,LPU helps students secure summer and semester-long internships.,General
Importance of internships?,LPU helps students secure summer and semester-long internships.,General
Process for internships?,LPU helps students secure summer and semester-long internships.,General
Guidelines for internships.,LPU helps students secure summer and semester-long internships.,General
What is the CDG cell?,The Career Development Group (CDG) manages all placement activities.,General
How does CDG cell work at LPU?,The Career Development Group (CDG) manages all placement activities.,General
Tell me about CDG cell.,The Career Development Group (CDG) manages all placement activities.,General
I want to know about CDG cell.,The Career Development Group (CDG) manages all placement activities.,General
What are the details for CDG cell?,The Career Development Group (CDG) manages all placement activities.,General
Can you explain CDG cell?,The Career Development Group (CDG) manages all placement activities.,General
Where can I find info on CDG cell?,The Career Development Group (CDG) manages all placement activities.,General
Importance of CDG cell?,The Career Development Group (CDG) manages all placement activities.,General
Process for CDG cell?,The Career Development Group (CDG) manages all placement activities.,General
Guidelines for CDG cell.,The Career Development Group (CDG) manages all placement activities.,General
What is the mock interviews?,Regular mock interviews are held to boost student confidence.,General
How does mock interviews work at LPU?,Regular mock interviews are held to boost student confidence.,General
Tell me about mock interviews.,Regular mock interviews are held to boost student confidence.,General
I want to know about mock interviews.,Regular mock interviews are held to boost student confidence.,General
What are the details for mock interviews?,Regular mock interviews are held to boost student confidence.,General
Can you explain mock interviews?,Regular mock interviews are held to boost student confidence.,General
Where can I find info on mock interviews?,Regular mock interviews are held to boost student confidence.,General
Importance of mock interviews?,Regular mock interviews are held to boost student confidence.,General
Process for mock interviews?,Regular mock interviews are held to boost student confidence.,General
Guidelines for mock interviews.,Regular mock interviews are held to boost student confidence.,General
What is the aptitude training?,Intensive aptitude training starts from the 5th semester.,General
How does aptitude training work at LPU?,Intensive aptitude training starts from the 5th semester.,General
Tell me about aptitude training.,Intensive aptitude training starts from the 5th semester.,General
I want to know about aptitude training.,Intensive aptitude training starts from the 5th semester.,General
What are the details for aptitude training?,Intensive aptitude training starts from the 5th semester.,General
Can you explain aptitude training?,Intensive aptitude training starts from the 5th semester.,General
Where can I find info on aptitude training?,Intensive aptitude training starts from the 5th semester.,General
Importance of aptitude training?,Intensive aptitude training starts from the 5th semester.,General
Process for aptitude training?,Intensive aptitude training starts from the 5th semester.,General
Guidelines for aptitude training.,Intensive aptitude training starts from the 5th semester.,General
What is the placement eligibility?,Usually 6.0+ CGPA and no active backlogs are required.,General
How does placement eligibility work at LPU?,Usually 6.0+ CGPA and no active backlogs are required.,General
Tell me about placement eligibility.,Usually 6.0+ CGPA and no active backlogs are required.,General
I want to know about placement eligibility.,Usually 6.0+ CGPA and no active backlogs are required.,General
What are the details for placement eligibility?,Usually 6.0+ CGPA and no active backlogs are required.,General
Can you explain placement eligibility?,Usually 6.0+ CGPA and no active backlogs are required.,General
Where can I find info on placement eligibility?,Usually 6.0+ CGPA and no active backlogs are required.,General
Importance of placement eligibility?,Usually 6.0+ CGPA and no active backlogs are required.,General
Process for placement eligibility?,Usually 6.0+ CGPA and no active backlogs are required.,General
Guidelines for placement eligibility.,Usually 6.0+ CGPA and no active backlogs are required.,General
What is the off-campus drives?,LPU also assists in off-campus placement opportunities.,General
How does off-campus drives work at LPU?,LPU also assists in off-campus placement opportunities.,General
Tell me about off-campus drives.,LPU also assists in off-campus placement opportunities.,General
I want to know about off-campus drives.,LPU also assists in off-campus placement opportunities.,General
What are the details for off-campus drives?,LPU also assists in off-campus placement opportunities.,General
Can you explain off-campus drives?,LPU also assists in off-campus placement opportunities.,General
Where can I find info on off-campus drives?,LPU also assists in off-campus placement opportunities.,General
Importance of off-campus drives?,LPU also assists in off-campus placement opportunities.,General
Process for off-campus drives?,LPU also assists in off-campus placement opportunities.,General
Guidelines for off-campus drives.,LPU also assists in off-campus placement opportunities.,General
What is the alumni network?,A strong alumni network helps current students with referrals.,General
How does alumni network work at LPU?,A strong alumni network helps current students with referrals.,General
Tell me about alumni network.,A strong alumni network helps current students with referrals.,General
I want to know about alumni network.,A strong alumni network helps current students with referrals.,General
What are the details for alumni network?,A strong alumni network helps current students with referrals.,General
Can you explain alumni network?,A strong alumni network helps current students with referrals.,General
Where can I find info on alumni network?,A strong alumni network helps current students with referrals.,General
Importance of alumni network?,A strong alumni network helps current students with referrals.,General
Process for alumni network?,A strong alumni network helps current students with referrals.,General
Guidelines for alumni network.,A strong alumni network helps current students with referrals.,General
What is the anti-ragging?,LPU has a zero-tolerance policy against ragging.,General
How does anti-ragging work at LPU?,LPU has a zero-tolerance policy against ragging.,General
Tell me about anti-ragging.,LPU has a zero-tolerance policy against ragging.,General
I want to know about anti-ragging.,LPU has a zero-tolerance policy against ragging.,General
What are the details for anti-ragging?,LPU has a zero-tolerance policy against ragging.,General
Can you explain anti-ragging?,LPU has a zero-tolerance policy against ragging.,General
Where can I find info on anti-ragging?,LPU has a zero-tolerance policy against ragging.,General
Importance of anti-ragging?,LPU has a zero-tolerance policy against ragging.,General
Process for anti-ragging?,LPU has a zero-tolerance policy against ragging.,General
Guidelines for anti-ragging.,LPU has a zero-tolerance policy against ragging.,General
What is the uniform policy?,Formal dress code is mandatory on specified weekdays.,General
How does uniform policy work at LPU?,Formal dress code is mandatory on specified weekdays.,General
Tell me about uniform policy.,Formal dress code is mandatory on specified weekdays.,General
I want to know about uniform policy.,Formal dress code is mandatory on specified weekdays.,General
What are the details for uniform policy?,Formal dress code is mandatory on specified weekdays.,General
Can you explain uniform policy?,Formal dress code is mandatory on specified weekdays.,General
Where can I find info on uniform policy?,Formal dress code is mandatory on specified weekdays.,General
Importance of uniform policy?,Formal dress code is mandatory on specified weekdays.,General
Process for uniform policy?,Formal dress code is mandatory on specified weekdays.,General
Guidelines for uniform policy.,Formal dress code is mandatory on specified weekdays.,General
What is the ID card?,Always carry your ID card; it's mandatory for entry and exams.,General
How does ID card work at LPU?,Always carry your ID card; it's mandatory for entry and exams.,General
Tell me about ID card.,Always carry your ID card; it's mandatory for entry and exams.,General
I want to know about ID card.,Always carry your ID card; it's mandatory for entry and exams.,General
What are the details for ID card?,Always carry your ID card; it's mandatory for entry and exams.,General
Can you explain ID card?,Always carry your ID card; it's mandatory for entry and exams.,General
Where can I find info on ID card?,Always carry your ID card; it's mandatory for entry and exams.,General
Importance of ID card?,Always carry your ID card; it's mandatory for entry and exams.,General
Process for ID card?,Always carry your ID card; it's mandatory for entry and exams.,General
Guidelines for ID card.,Always carry your ID card; it's mandatory for entry and exams.,General
What is the RMS portal?,Use the Relationship Management System (RMS) for any complaints.,General
How does RMS portal work at LPU?,Use the Relationship Management System (RMS) for any complaints.,General
Tell me about RMS portal.,Use the Relationship Management System (RMS) for any complaints.,General
I want to know about RMS portal.,Use the Relationship Management System (RMS) for any complaints.,General
What are the details for RMS portal?,Use the Relationship Management System (RMS) for any complaints.,General
Can you explain RMS portal?,Use the Relationship Management System (RMS) for any complaints.,General
Where can I find info on RMS portal?,Use the Relationship Management System (RMS) for any complaints.,General
Importance of RMS portal?,Use the Relationship Management System (RMS) for any complaints.,General
Process for RMS portal?,Use the Relationship Management System (RMS) for any complaints.,General
Guidelines for RMS portal.,Use the Relationship Management System (RMS) for any complaints.,General
What is the security?,Over 2000 CCTV cameras and 24/7 guards ensure campus safety.,General
How does security work at LPU?,Over 2000 CCTV cameras and 24/7 guards ensure campus safety.,General
Tell me about security.,Over 2000 CCTV cameras and 24/7 guards ensure campus safety.,General
I want to know about security.,Over 2000 CCTV cameras and 24/7 guards ensure campus safety.,General
What are the details for security?,Over 2000 CCTV cameras and 24/7 guards ensure campus safety.,General
Can you explain security?,Over 2000 CCTV cameras and 24/7 guards ensure campus safety.,General
Where can I find info on security?,Over 2000 CCTV cameras and 24/7 guards ensure campus safety.,General
Importance of security?,Over 2000 CCTV cameras and 24/7 guards ensure campus safety.,General
Process for security?,Over 2000 CCTV cameras and 24/7 guards ensure campus safety.,General
Guidelines for security.,Over 2000 CCTV cameras and 24/7 guards ensure campus safety.,General
What is the gate pass?,Hostelers need an online gate pass for night outs.,General
How does gate pass work at LPU?,Hostelers need an online gate pass for night outs.,General
Tell me about gate pass.,Hostelers need an online gate pass for night outs.,General
I want to know about gate pass.,Hostelers need an online gate pass for night outs.,General
What are the details for gate pass?,Hostelers need an online gate pass for night outs.,General
Can you explain gate pass?,Hostelers need an online gate pass for night outs.,General
Where can I find info on gate pass?,Hostelers need an online gate pass for night outs.,General
Importance of gate pass?,Hostelers need an online gate pass for night outs.,General
Process for gate pass?,Hostelers need an online gate pass for night outs.,General
Guidelines for gate pass.,Hostelers need an online gate pass for night outs.,General
What is the disciplinary committee?,Strict actions are taken for breaking university rules.,General
How does disciplinary committee work at LPU?,Strict actions are taken for breaking university rules.,General
Tell me about disciplinary committee.,Strict actions are taken for breaking university rules.,General
I want to know about disciplinary committee.,Strict actions are taken for breaking university rules.,General
What are the details for disciplinary committee?,Strict actions are taken for breaking university rules.,General
Can you explain disciplinary committee?,Strict actions are taken for breaking university rules.,General
Where can I find info on disciplinary committee?,Strict actions are taken for breaking university rules.,General
Importance of disciplinary committee?,Strict actions are taken for breaking university rules.,General
Process for disciplinary committee?,Strict actions are taken for breaking university rules.,General
Guidelines for disciplinary committee.,Strict actions are taken for breaking university rules.,General
What is the parking rules?,Separate parking zones for students and staff; helmets mandatory.,General
How does parking rules work at LPU?,Separate parking zones for students and staff; helmets mandatory.,General
Tell me about parking rules.,Separate parking zones for students and staff; helmets mandatory.,General
I want to know about parking rules.,Separate parking zones for students and staff; helmets mandatory.,General
What are the details for parking rules?,Separate parking zones for students and staff; helmets mandatory.,General
Can you explain parking rules?,Separate parking zones for students and staff; helmets mandatory.,General
Where can I find info on parking rules?,Separate parking zones for students and staff; helmets mandatory.,General
Importance of parking rules?,Separate parking zones for students and staff; helmets mandatory.,General
Process for parking rules?,Separate parking zones for students and staff; helmets mandatory.,General
Guidelines for parking rules.,Separate parking zones for students and staff; helmets mandatory.,General
What is the ML/DL rules?,Apply for Medical or Duty leaves via the UMS portal.,General
How does ML/DL rules work at LPU?,Apply for Medical or Duty leaves via the UMS portal.,General
Tell me about ML/DL rules.,Apply for Medical or Duty leaves via the UMS portal.,General
I want to know about ML/DL rules.,Apply for Medical or Duty leaves via the UMS portal.,General
What are the details for ML/DL rules?,Apply for Medical or Duty leaves via the UMS portal.,General
Can you explain ML/DL rules?,Apply for Medical or Duty leaves via the UMS portal.,General
Where can I find info on ML/DL rules?,Apply for Medical or Duty leaves via the UMS portal.,General
Importance of ML/DL rules?,Apply for Medical or Duty leaves via the UMS portal.,General
Process for ML/DL rules?,Apply for Medical or Duty leaves via the UMS portal.,General
Guidelines for ML/DL rules.,Apply for Medical or Duty leaves via the UMS portal.,General
What is the student code of conduct?,Follow the handbook for all university rules and ethics.,General
How does student code of conduct work at LPU?,Follow the handbook for all university rules and ethics.,General
Tell me about student code of conduct.,Follow the handbook for all university rules and ethics.,General
I want to know about student code of conduct.,Follow the handbook for all university rules and ethics.,General
What are the details for student code of conduct?,Follow the handbook for all university rules and ethics.,General
Can you explain student code of conduct?,Follow the handbook for all university rules and ethics.,General
Where can I find info on student code of conduct?,Follow the handbook for all university rules and ethics.,General
Importance of student code of conduct?,Follow the handbook for all university rules and ethics.,General
Process for student code of conduct?,Follow the handbook for all university rules and ethics.,General
Guidelines for student code of conduct.,Follow the handbook for all university rules and ethics.,General
Help with Teacher Guardian 0,CGPA is calculated by dividing total grade points by total credits.,General
Help with credit system 1,Students can clear backlogs by appearing in supplementary exams.,General
Help with minor degrees 2,Students can opt for a minor degree in a different specialization.,General
Help with CGPA calculation 3,Mid-term exams usually hold 20% weightage in the total grade.,General
Help with credit system 4,CGPA is calculated by dividing total grade points by total credits.,General
Help with minor degrees 5,Every student is assigned a TG for academic and personal guidance.,General
Help with grade cards 6,75% attendance is mandatory for all students to avoid detention.,General
Help with grade cards 7,75% attendance is mandatory for all students to avoid detention.,General
Help with Teacher Guardian 8,Grade cards can be downloaded from the UMS portal after results.,General
Help with Teacher Guardian 9,Grade cards can be downloaded from the UMS portal after results.,General
Help with supplementary exams 10,75% attendance is mandatory for all students to avoid detention.,General
Help with credit system 11,Every student is assigned a TG for academic and personal guidance.,General
Help with grade cards 12,Mid-term exams usually hold 20% weightage in the total grade.,General
Help with ETE exams 13,LPU follows a Choice Based Credit System (CBCS).,General
Help with attendance policy 14,Students can opt for a minor degree in a different specialization.,General
Help with document verification 0,"Scholarships are available based on merit, sports, and social service.",General
Help with fee payment 1,Apply online at lpu.in and appear for LPUNEST for admission.,General
Help with admission process 2,Fees can be paid online via UMS or at the accounts office.,General
Help with admission process 3,Hostels can be booked during the admission process on a first-come basis.,General
Help with fee payment 4,"Students can choose between Standard, North Indian, and South Indian mess.",General
Help with admission process 5,Fees can be paid online via UMS or at the accounts office.,General
Help with document verification 6,"Scholarships are available based on merit, sports, and social service.",General
Help with admission process 7,LPU provides assistance for education loans with various banks.,General
Help with admission हेल्पलाइन 8,Contact +91-1824-517000 for any admission-related queries.,General
Help with admission हेल्पलाइन 9,Original documents must be verified at the time of admission.,General
Help with admission हेल्पलाइन 10,Apply online at lpu.in and appear for LPUNEST for admission.,General
Help with scholarship types 11,"Students can choose between Standard, North Indian, and South Indian mess.",General
Help with mess options 12,"Students can choose between Standard, North Indian, and South Indian mess.",General
Help with fee payment 13,Original documents must be verified at the time of admission.,General
Help with scholarship types 14,LPUNEST is LPU's entrance and scholarship test.,General
Help with uni-mall 0,"Hostels include WiFi, laundry, gym, and 24/7 security.",General
Help with medical center 1,"Hostels include WiFi, laundry, gym, and 24/7 security.",General
Help with university fests 2,The central library is open 24/7 during exam periods.,General
Help with uni-mall 3,A-Block and P-Block host major food courts with international brands.,General
Help with clubs and societies 4,Bus services are available for students from nearby cities.,General
Help with medical center 5,The on-campus mall has everything from groceries to electronics.,General
Help with medical center 6,"Hostels include WiFi, laundry, gym, and 24/7 security.",General
Help with uni-mall 7,The Shanti Devi Mittal Indoor Sports Complex is world-class.,General
Help with sports complex 8,The central library is open 24/7 during exam periods.,General
Help with sports complex 9,A-Block and P-Block host major food courts with international brands.,General
Help with sports complex 10,Bus services are available for students from nearby cities.,General
Help with medical center 11,Global Carnival and One India are the biggest annual fests.,General
Help with food courts 12,The Shanti Devi Mittal Indoor Sports Complex is world-class.,General
Help with hostel facilities 13,"Hostels include WiFi, laundry, gym, and 24/7 security.",General
Help with WiFi access 14,"Hostels include WiFi, laundry, gym, and 24/7 security.",General
Help with highest package 0,The Career Development Group (CDG) manages all placement activities.,General
Help with mock interviews 1,"Google, Microsoft, Amazon, and Adobe are regular recruiters.",General
Help with PEP classes 2,Regular mock interviews are held to boost student confidence.,General
Help with top recruiters 3,LPU helps students secure summer and semester-long internships.,General
Help with placement eligibility 4,LPU also assists in off-campus placement opportunities.,General
Help with placement eligibility 5,Intensive aptitude training starts from the 5th semester.,General
Help with CDG cell 6,Regular mock interviews are held to boost student confidence.,General
Help with off-campus drives 7,Professional Enhancement Programs (PEP) prepare students for interviews.,General
Help with highest package 8,Intensive aptitude training starts from the 5th semester.,General
Help with alumni network 9,The Career Development Group (CDG) manages all placement activities.,General
Help with aptitude training 10,Intensive aptitude training starts from the 5th semester.,General
Help with placement eligibility 11,The Career Development Group (CDG) manages all placement activities.,General
Help with internships 12,LPU has recorded a package as high as 1 crore+ internationally.,General
Help with off-campus drives 13,Usually 6.0+ CGPA and no active backlogs are required.,General
Help with mock interviews 14,Usually 6.0+ CGPA and no active backlogs are required.,General
Help with gate pass 0,Formal dress code is mandatory on specified weekdays.,General
Help with uniform policy 1,Formal dress code is mandatory on specified weekdays.,General
Help with disciplinary committee 2,Formal dress code is mandatory on specified weekdays.,General
Help with ML/DL rules 3,Formal dress code is mandatory on specified weekdays.,General
Help with disciplinary committee 4,LPU has a zero-tolerance policy against ragging.,General
Help with RMS portal 5,Hostelers need an online gate pass for night outs.,General
Help with student code of conduct 6,Always carry your ID card; it's mandatory for entry and exams.,General
Help with RMS portal 7,LPU has a zero-tolerance policy against ragging.,General
Help with ID card 8,Separate parking zones for students and staff; helmets mandatory.,General
Help with anti-ragging 9,Separate parking zones for students and staff; helmets mandatory.,General
Help with gate pass 10,Use the Relationship Management System (RMS) for any complaints.,General
Help with security 11,Use the Relationship Management System (RMS) for any complaints.,General
Help with RMS portal 12,Formal dress code is mandatory on specified weekdays.,General
Help with gate pass 13,Apply for Medical or Duty leaves via the UMS portal.,General
Help with disciplinary committee 14,Always carry your ID card; it's mandatory for entry and exams.,General
PEP classes info variation 575,Professional Enhancement Programs (PEP) prepare students for interviews.,General
PEP classes info variation 576,Professional Enhancement Programs (PEP) prepare students for interviews.,General
placement eligibility info variation 577,Usually 6.0+ CGPA and no active backlogs are required.,General
WiFi access info variation 578,Full campus is WiFi-enabled with high-speed connectivity.,General
grade cards info variation 579,Grade cards can be downloaded from the UMS portal after results.,General
highest package info variation 580,LPU has recorded a package as high as 1 crore+ internationally.,General
anti-ragging info variation 581,LPU has a zero-tolerance policy against ragging.,General
parking rules info variation 582,Separate parking zones for students and staff; helmets mandatory.,General
attendance policy info variation 583,75% attendance is mandatory for all students to avoid detention.,General
supplementary exams info variation 584,Students can clear backlogs by appearing in supplementary exams.,General
library info variation 585,The central library is open 24/7 during exam periods.,General
parking rules info variation 586,Separate parking zones for students and staff; helmets mandatory.,General
Teacher Guardian info variation 587,Every student is assigned a TG for academic and personal guidance.,General
medical center info variation 588,LPU has a 24/7 hospital with ambulance services.,General
minor degrees info variation 589,Students can opt for a minor degree in a different specialization.,General
CGPA calculation info variation 590,CGPA is calculated by dividing total grade points by total credits.,General
transport info variation 591,Bus services are available for students from nearby cities.,General
CGPA calculation info variation 592,CGPA is calculated by dividing total grade points by total credits.,General
MTE exams info variation 593,Mid-term exams usually hold 20% weightage in the total grade.,General
alumni network info variation 594,A strong alumni network helps current students with referrals.,General
anti-ragging info variation 595,LPU has a zero-tolerance policy against ragging.,General
university fests info variation 596,Global Carnival and One India are the biggest annual fests.,General
anti-ragging info variation 597,LPU has a zero-tolerance policy against ragging.,General
ID card info variation 598,Always carry your ID card; it's mandatory for entry and exams.,General
loan assistance info variation 599,LPU provides assistance for education loans with various banks.,General
attendance policy info variation 600,75% attendance is mandatory for all students to avoid detention.,General
gate pass info variation 601,Hostelers need an online gate pass for night outs.,General
minor degrees info variation 602,Students can opt for a minor degree in a different specialization.,General
WiFi access info variation 603,Full campus is WiFi-enabled with high-speed connectivity.,General
loan assistance info variation 604,LPU provides assistance for education loans with various banks.,General
internships info variation 605,LPU helps students secure summer and semester-long internships.,General
attendance policy info variation 606,75% attendance is mandatory for all students to avoid detention.,General
internships info variation 607,LPU helps students secure summer and semester-long internships.,General
hostel booking info variation 608,Hostels can be booked during the admission process on a first-come basis.,General
sports complex info variation 609,The Shanti Devi Mittal Indoor Sports Complex is world-class.,General
top recruiters info variation 610,"Google, Microsoft, Amazon, and Adobe are regular recruiters.",General
refund policy info variation 611,Refunds are processed as per UGC and university norms.,General
ML/DL rules info variation 612,Apply for Medical or Duty leaves via the UMS portal.,General
credit system info variation 613,LPU follows a Choice Based Credit System (CBCS).,General
minor degrees info variation 614,Students can opt for a minor degree in a different specialization.,General
library info variation 615,The central library is open 24/7 during exam periods.,General
anti-ragging info variation 616,LPU has a zero-tolerance policy against ragging.,General
supplementary exams info variation 617,Students can clear backlogs by appearing in supplementary exams.,General
student code of conduct info variation 618,Follow the handbook for all university rules and ethics.,General
ID card info variation 619,Always carry your ID card; it's mandatory for entry and exams.,General
university fests info variation 620,Global Carnival and One India are the biggest annual fests.,General
disciplinary committee info variation 621,Strict actions are taken for breaking university rules.,General
WiFi access info variation 622,Full campus is WiFi-enabled with high-speed connectivity.,General
sports complex info variation 623,The Shanti Devi Mittal Indoor Sports Complex is world-class.,General
hostel booking info variation 624,Hostels can be booked during the admission process on a first-come basis.,General
clubs and societies info variation 625,"Join 100+ clubs like dancing, coding, and photography.",General
library info variation 626,The central library is open 24/7 during exam periods.,General
internships info variation 627,LPU helps students secure summer and semester-long internships.,General
loan assistance info variation 628,LPU provides assistance for education loans with various banks.,General
mess options info variation 629,"Students can choose between Standard, North Indian, and South Indian mess.",General
fee payment info variation 630,Fees can be paid online via UMS or at the accounts office.,General
clubs and societies info variation 631,"Join 100+ clubs like dancing, coding, and photography.",General
MTE exams info variation 632,Mid-term exams usually hold 20% weightage in the total grade.,General
top recruiters info variation 633,"Google, Microsoft, Amazon, and Adobe are regular recruiters.",General
ML/DL rules info variation 634,Apply for Medical or Duty leaves via the UMS portal.,General
aptitude training info variation 635,Intensive aptitude training starts from the 5th semester.,General
WiFi access info variation 636,Full campus is WiFi-enabled with high-speed connectivity.,General
PEP classes info variation 637,Professional Enhancement Programs (PEP) prepare students for interviews.,General
clubs and societies info variation 638,"Join 100+ clubs like dancing, coding, and photography.",General
disciplinary committee info variation 639,Strict actions are taken for breaking university rules.,General
admission हेल्पलाइन info variation 640,Contact +91-1824-517000 for any admission-related queries.,General
ID card info variation 641,Always carry your ID card; it's mandatory for entry and exams.,General
admission हेल्पलाइन info variation 642,Contact +91-1824-517000 for any admission-related queries.,General
ETE exams info variation 643,End-term exams are comprehensive and usually hold 60% weightage.,General
mess options info variation 644,"Students can choose between Standard, North Indian, and South Indian mess.",General
ML/DL rules info variation 645,Apply for Medical or Duty leaves via the UMS portal.,General
RMS portal info variation 646,Use the Relationship Management System (RMS) for any complaints.,General
ID card info variation 647,Always carry your ID card; it's mandatory for entry and exams.,General
MTE exams info variation 648,Mid-term exams usually hold 20% weightage in the total grade.,General
MTE exams info variation 649,Mid-term exams usually hold 20% weightage in the total grade.,General
fee payment info variation 650,Fees can be paid online via UMS or at the accounts office.,General
attendance policy info variation 651,75% attendance is mandatory for all students to avoid detention.,General
MTE exams info variation 652,Mid-term exams usually hold 20% weightage in the total grade.,General
MTE exams info variation 653,Mid-term exams usually hold 20% weightage in the total grade.,General
CDG cell info variation 654,The Career Development Group (CDG) manages all placement activities.,General
food courts info variation 655,A-Block and P-Block host major food courts with international brands.,General
attendance policy info variation 656,75% attendance is mandatory for all students to avoid detention.,General
loan assistance info variation 657,LPU provides assistance for education loans with various banks.,General
uniform policy info variation 658,Formal dress code is mandatory on specified weekdays.,General
anti-ragging info variation 659,LPU has a zero-tolerance policy against ragging.,General
internships info variation 660,LPU helps students secure summer and semester-long internships.,General
library info variation 661,The central library is open 24/7 during exam periods.,General
attendance policy info variation 662,75% attendance is mandatory for all students to avoid detention.,General
uniform policy info variation 663,Formal dress code is mandatory on specified weekdays.,General
parking rules info variation 664,Separate parking zones for students and staff; helmets mandatory.,General
admission हेल्पलाइन info variation 665,Contact +91-1824-517000 for any admission-related queries.,General
hostel facilities info variation 666,"Hostels include WiFi, laundry, gym, and 24/7 security.",General
alumni network info variation 667,A strong alumni network helps current students with referrals.,General
sports complex info variation 668,The Shanti Devi Mittal Indoor Sports Complex is world-class.,General
CGPA calculation info variation 669,CGPA is calculated by dividing total grade points by total credits.,General
internships info variation 670,LPU helps students secure summer and semester-long internships.,General
gate pass info variation 671,Hostelers need an online gate pass for night outs.,General
disciplinary committee info variation 672,Strict actions are taken for breaking university rules.,General
mess options info variation 673,"Students can choose between Standard, North Indian, and South Indian mess.",General
RMS portal info variation 674,Use the Relationship Management System (RMS) for any complaints.,General
CGPA calculation info variation 675,CGPA is calculated by dividing total grade points by total credits.,General
mess options info variation 676,"Students can choose between Standard, North Indian, and South Indian mess.",General
off-campus drives info variation 677,LPU also assists in off-campus placement opportunities.,General
placement eligibility info variation 678,Usually 6.0+ CGPA and no active backlogs are required.,General
Teacher Guardian info variation 679,Every student is assigned a TG for academic and personal guidance.,General
parking rules info variation 680,Separate parking zones for students and staff; helmets mandatory.,General
hostel facilities info variation 681,"Hostels include WiFi, laundry, gym, and 24/7 security.",General
ML/DL rules info variation 682,Apply for Medical or Duty leaves via the UMS portal.,General
top recruiters info variation 683,"Google, Microsoft, Amazon, and Adobe are regular recruiters.",General
food courts info variation 684,A-Block and P-Block host major food courts with international brands.,General
scholarship types info variation 685,"Scholarships are available based on merit, sports, and social service.",General
MTE exams info variation 686,Mid-term exams usually hold 20% weightage in the total grade.,General
admission process info variation 687,Apply online at lpu.in and appear for LPUNEST for admission.,General
credit system info variation 688,LPU follows a Choice Based Credit System (CBCS).,General
minor degrees info variation 689,Students can opt for a minor degree in a different specialization.,General
Teacher Guardian info variation 690,Every student is assigned a TG for academic and personal guidance.,General
hostel booking info variation 691,Hostels can be booked during the admission process on a first-come basis.,General
MTE exams info variation 692,Mid-term exams usually hold 20% weightage in the total grade.,General
PEP classes info variation 693,Professional Enhancement Programs (PEP) prepare students for interviews.,General
ETE exams info variation 694,End-term exams are comprehensive and usually hold 60% weightage.,General
food courts info variation 695,A-Block and P-Block host major food courts with international brands.,General
alumni network info variation 696,A strong alumni network helps current students with referrals.,General
LPUNEST info variation 697,LPUNEST is LPU's entrance and scholarship test.,General
transport info variation 698,Bus services are available for students from nearby cities.,General
admission process info variation 699,Apply online at lpu.in and appear for LPUNEST for admission.,General
top recruiters info variation 700,"Google, Microsoft, Amazon, and Adobe are regular recruiters.",General
document verification info variation 701,Original documents must be verified at the time of admission.,General
transport info variation 702,Bus services are available for students from nearby cities.,General
MTE exams info variation 703,Mid-term exams usually hold 20% weightage in the total grade.,General
refund policy info variation 704,Refunds are processed as per UGC and university norms.,General
refund policy info variation 705,Refunds are processed as per UGC and university norms.,General
hostel booking info variation 706,Hostels can be booked during the admission process on a first-come basis.,General
mess options info variation 707,"Students can choose between Standard, North Indian, and South Indian mess.",General
admission process info variation 708,Apply online at lpu.in and appear for LPUNEST for admission.,General
WiFi access info variation 709,Full campus is WiFi-enabled with high-speed connectivity.,General
CDG cell info variation 710,The Career Development Group (CDG) manages all placement activities.,General
hostel facilities info variation 711,"Hostels include WiFi, laundry, gym, and 24/7 security.",General
ML/DL rules info variation 712,Apply for Medical or Duty leaves via the UMS portal.,General
fee payment info variation 713,Fees can be paid online via UMS or at the accounts office.,General
top recruiters info variation 714,"Google, Microsoft, Amazon, and Adobe are regular recruiters.",General
CDG cell info variation 715,The Career Development Group (CDG) manages all placement activities.,General
credit system info variation 716,LPU follows a Choice Based Credit System (CBCS).,General
PEP classes info variation 717,Professional Enhancement Programs (PEP) prepare students for interviews.,General
RMS portal info variation 718,Use the Relationship Management System (RMS) for any complaints.,General
admission process info variation 719,Apply online at lpu.in and appear for LPUNEST for admission.,General
WiFi access info variation 720,Full campus is WiFi-enabled with high-speed connectivity.,General
Teacher Guardian info variation 721,Every student is assigned a TG for academic and personal guidance.,General
Teacher Guardian info variation 722,Every student is assigned a TG for academic and personal guidance.,General
uni-mall info variation 723,The on-campus mall has everything from groceries to electronics.,General
refund policy info variation 724,Refunds are processed as per UGC and university norms.,General
hostel facilities info variation 725,"Hostels include WiFi, laundry, gym, and 24/7 security.",General
internships info variation 726,LPU helps students secure summer and semester-long internships.,General
internships info variation 727,LPU helps students secure summer and semester-long internships.,General
alumni network info variation 728,A strong alumni network helps current students with referrals.,General
clubs and societies info variation 729,"Join 100+ clubs like dancing, coding, and photography.",General
attendance policy info variation 730,75% attendance is mandatory for all students to avoid detention.,General
student code of conduct info variation 731,Follow the handbook for all university rules and ethics.,General
food courts info variation 732,A-Block and P-Block host major food courts with international brands.,General
fee payment info variation 733,Fees can be paid online via UMS or at the accounts office.,General
ID card info variation 734,Always carry your ID card; it's mandatory for entry and exams.,General
library info variation 735,The central library is open 24/7 during exam periods.,General
uniform policy info variation 736,Formal dress code is mandatory on specified weekdays.,General
transport info variation 737,Bus services are available for students from nearby cities.,General
medical center info variation 738,LPU has a 24/7 hospital with ambulance services.,General
student code of conduct info variation 739,Follow the handbook for all university rules and ethics.,General
anti-ragging info variation 740,LPU has a zero-tolerance policy against ragging.,General
uni-mall info variation 741,The on-campus mall has everything from groceries to electronics.,General
uniform policy info variation 742,Formal dress code is mandatory on specified weekdays.,General
grade cards info variation 743,Grade cards can be downloaded from the UMS portal after results.,General
scholarship types info variation 744,"Scholarships are available based on merit, sports, and social service.",General
clubs and societies info variation 745,"Join 100+ clubs like dancing, coding, and photography.",General
WiFi access info variation 746,Full campus is WiFi-enabled with high-speed connectivity.,General
mess options info variation 747,"Students can choose between Standard, North Indian, and South Indian mess.",General
clubs and societies info variation 748,"Join 100+ clubs like dancing, coding, and photography.",General
minor degrees info variation 749,Students can opt for a minor degree in a different specialization.,General
transport info variation 750,Bus services are available for students from nearby cities.,General
MTE exams info variation 751,Mid-term exams usually hold 20% weightage in the total grade.,General
ML/DL rules info variation 752,Apply for Medical or Duty leaves via the UMS portal.,General
attendance policy info variation 753,75% attendance is mandatory for all students to avoid detention.,General
internships info variation 754,LPU helps students secure summer and semester-long internships.,General
off-campus drives info variation 755,LPU also assists in off-campus placement opportunities.,General
mess options info variation 756,"Students can choose between Standard, North Indian, and South Indian mess.",General
alumni network info variation 757,A strong alumni network helps current students with referrals.,General
internships info variation 758,LPU helps students secure summer and semester-long internships.,General
highest package info variation 759,LPU has recorded a package as high as 1 crore+ internationally.,General
off-campus drives info variation 760,LPU also assists in off-campus placement opportunities.,General
university fests info variation 761,Global Carnival and One India are the biggest annual fests.,General
hostel facilities info variation 762,"Hostels include WiFi, laundry, gym, and 24/7 security.",General
disciplinary committee info variation 763,Strict actions are taken for breaking university rules.,General
CDG cell info variation 764,The Career Development Group (CDG) manages all placement activities.,General
library info variation 765,The central library is open 24/7 during exam periods.,General
transport info variation 766,Bus services are available for students from nearby cities.,General
library info variation 767,The central library is open 24/7 during exam periods.,General
minor degrees info variation 768,Students can opt for a minor degree in a different specialization.,General
loan assistance info variation 769,LPU provides assistance for education loans with various banks.,General
hostel facilities info variation 770,"Hostels include WiFi, laundry, gym, and 24/7 security.",General
internships info variation 771,LPU helps students secure summer and semester-long internships.,General
minor degrees info variation 772,Students can opt for a minor degree in a different specialization.,General
LPUNEST info variation 773,LPUNEST is LPU's entrance and scholarship test.,General
security info variation 774,Over 2000 CCTV cameras and 24/7 guards ensure campus safety.,General
CA components info variation 775,"Continuous Assessment includes assignments, quizzes, and projects.",General
LPUNEST info variation 776,LPUNEST is LPU's entrance and scholarship test.,General
uni-mall info variation 777,The on-campus mall has everything from groceries to electronics.,General
library info variation 778,The central library is open 24/7 during exam periods.,General
ETE exams info variation 779,End-term exams are comprehensive and usually hold 60% weightage.,General
document verification info variation 780,Original documents must be verified at the time of admission.,General
document verification info variation 781,Original documents must be verified at the time of admission.,General
CDG cell info variation 782,The Career Development Group (CDG) manages all placement activities.,General
document verification info variation 783,Original documents must be verified at the time of admission.,General
off-campus drives info variation 784,LPU also assists in off-campus placement opportunities.,General
mock interviews info variation 785,Regular mock interviews are held to boost student confidence.,General
CDG cell info variation 786,The Career Development Group (CDG) manages all placement activities.,General
uni-mall info variation 787,The on-campus mall has everything from groceries to electronics.,General
library info variation 788,The central library is open 24/7 during exam periods.,General
grade cards info variation 789,Grade cards can be downloaded from the UMS portal after results.,General
ML/DL rules info variation 790,Apply for Medical or Duty leaves via the UMS portal.,General
hostel booking info variation 791,Hostels can be booked during the admission process on a first-come basis.,General
admission process info variation 792,Apply online at lpu.in and appear for LPUNEST for admission.,General
minor degrees info variation 793,Students can opt for a minor degree in a different specialization.,General
uniform policy info variation 794,Formal dress code is mandatory on specified weekdays.,General
sports complex info variation 795,The Shanti Devi Mittal Indoor Sports Complex is world-class.,General
mock interviews info variation 796,Regular mock interviews are held to boost student confidence.,General
uniform policy info variation 797,Formal dress code is mandatory on specified weekdays.,General
minor degrees info variation 798,Students can opt for a minor degree in a different specialization.,General
uni-mall info variation 799,The on-campus mall has everything from groceries to electronics.,General
security info variation 800,Over 2000 CCTV cameras and 24/7 guards ensure campus safety.,General
CA components info variation 801,"Continuous Assessment includes assignments, quizzes, and projects.",General
mock interviews info variation 802,Regular mock interviews are held to boost student confidence.,General
ML/DL rules info variation 803,Apply for Medical or Duty leaves via the UMS portal.,General
loan assistance info variation 804,LPU provides assistance for education loans with various banks.,General
anti-ragging info variation 805,LPU has a zero-tolerance policy against ragging.,General
university fests info variation 806,Global Carnival and One India are the biggest annual fests.,General
alumni network info variation 807,A strong alumni network helps current students with referrals.,General
ETE exams info variation 808,End-term exams are comprehensive and usually hold 60% weightage.,General
aptitude training info variation 809,Intensive aptitude training starts from the 5th semester.,General
mock interviews info variation 810,Regular mock interviews are held to boost student confidence.,General
CGPA calculation info variation 811,CGPA is calculated by dividing total grade points by total credits.,General
hostel facilities info variation 812,"Hostels include WiFi, laundry, gym, and 24/7 security.",General
highest package info variation 813,LPU has recorded a package as high as 1 crore+ internationally.,General
aptitude training info variation 814,Intensive aptitude training starts from the 5th semester.,General
placement eligibility info variation 815,Usually 6.0+ CGPA and no active backlogs are required.,General
scholarship types info variation 816,"Scholarships are available based on merit, sports, and social service.",General
uniform policy info variation 817,Formal dress code is mandatory on specified weekdays.,General
ETE exams info variation 818,End-term exams are comprehensive and usually hold 60% weightage.,General
Teacher Guardian info variation 819,Every student is assigned a TG for academic and personal guidance.,General
CGPA calculation info variation 820,CGPA is calculated by dividing total grade points by total credits.,General
CGPA calculation info variation 821,CGPA is calculated by dividing total grade points by total credits.,General
security info variation 822,Over 2000 CCTV cameras and 24/7 guards ensure campus safety.,General
hostel facilities info variation 823,"Hostels include WiFi, laundry, gym, and 24/7 security.",General
admission हेल्पलाइन info variation 824,Contact +91-1824-517000 for any admission-related queries.,General
alumni network info variation 825,A strong alumni network helps current students with referrals.,General
mess options info variation 826,"Students can choose between Standard, North Indian, and South Indian mess.",General
mock interviews info variation 827,Regular mock interviews are held to boost student confidence.,General
off-campus drives info variation 828,LPU also assists in off-campus placement opportunities.,General
Teacher Guardian info variation 829,Every student is assigned a TG for academic and personal guidance.,General
attendance policy info variation 830,75% attendance is mandatory for all students to avoid detention.,General
CA components info variation 831,"Continuous Assessment includes assignments, quizzes, and projects.",General
PEP classes info variation 832,Professional Enhancement Programs (PEP) prepare students for interviews.,General
sports complex info variation 833,The Shanti Devi Mittal Indoor Sports Complex is world-class.,General
food courts info variation 834,A-Block and P-Block host major food courts with international brands.,General
clubs and societies info variation 835,"Join 100+ clubs like dancing, coding, and photography.",General
loan assistance info variation 836,LPU provides assistance for education loans with various banks.,General
loan assistance info variation 837,LPU provides assistance for education loans with various banks.,General
credit system info variation 838,LPU follows a Choice Based Credit System (CBCS).,General
clubs and societies info variation 839,"Join 100+ clubs like dancing, coding, and photography.",General
LPUNEST info variation 840,LPUNEST is LPU's entrance and scholarship test.,General
student code of conduct info variation 841,Follow the handbook for all university rules and ethics.,General
attendance policy info variation 842,75% attendance is mandatory for all students to avoid detention.,General
MTE exams info variation 843,Mid-term exams usually hold 20% weightage in the total grade.,General
uniform policy info variation 844,Formal dress code is mandatory on specified weekdays.,General
mock interviews info variation 845,Regular mock interviews are held to boost student confidence.,General
hostel booking info variation 846,Hostels can be booked during the admission process on a first-come basis.,General
hostel facilities info variation 847,"Hostels include WiFi, laundry, gym, and 24/7 security.",General
security info variation 848,Over 2000 CCTV cameras and 24/7 guards ensure campus safety.,General
hostel facilities info variation 849,"Hostels include WiFi, laundry, gym, and 24/7 security.",General
supplementary exams info variation 850,Students can clear backlogs by appearing in supplementary exams.,General
highest package info variation 851,LPU has recorded a package as high as 1 crore+ internationally.,General
food courts info variation 852,A-Block and P-Block host major food courts with international brands.,General
document verification info variation 853,Original documents must be verified at the time of admission.,General
RMS portal info variation 854,Use the Relationship Management System (RMS) for any complaints.,General
placement eligibility info variation 855,Usually 6.0+ CGPA and no active backlogs are required.,General
off-campus drives info variation 856,LPU also assists in off-campus placement opportunities.,General
library info variation 857,The central library is open 24/7 during exam periods.,General
food courts info variation 858,A-Block and P-Block host major food courts with international brands.,General
hostel booking info variation 859,Hostels can be booked during the admission process on a first-come basis.,General
disciplinary committee info variation 860,Strict actions are taken for breaking university rules.,General
CA components info variation 861,"Continuous Assessment includes assignments, quizzes, and projects.",General
medical center info variation 862,LPU has a 24/7 hospital with ambulance services.,General
medical center info variation 863,LPU has a 24/7 hospital with ambulance services.,General
LPUNEST info variation 864,LPUNEST is LPU's entrance and scholarship test.,General
alumni network info variation 865,A strong alumni network helps current students with referrals.,General
parking rules info variation 866,Separate parking zones for students and staff; helmets mandatory.,General
document verification info variation 867,Original documents must be verified at the time of admission.,General
document verification info variation 868,Original documents must be verified at the time of admission.,General
fee payment info variation 869,Fees can be paid online via UMS or at the accounts office.,General
refund policy info variation 870,Refunds are processed as per UGC and university norms.,General
Teacher Guardian info variation 871,Every student is assigned a TG for academic and personal guidance.,General
MTE exams info variation 872,Mid-term exams usually hold 20% weightage in the total grade.,General
Teacher Guardian info variation 873,Every student is assigned a TG for academic and personal guidance.,General
gate pass info variation 874,Hostelers need an online gate pass for night outs.,General
anti-ragging info variation 875,LPU has a zero-tolerance policy against ragging.,General
ETE exams info variation 876,End-term exams are comprehensive and usually hold 60% weightage.,General
loan assistance info variation 877,LPU provides assistance for education loans with various banks.,General
library info variation 878,The central library is open 24/7 during exam periods.,General
minor degrees info variation 879,Students can opt for a minor degree in a different specialization.,General
grade cards info variation 880,Grade cards can be downloaded from the UMS portal after results.,General
aptitude training info variation 881,Intensive aptitude training starts from the 5th semester.,General
uni-mall info variation 882,The on-campus mall has everything from groceries to electronics.,General
ML/DL rules info variation 883,Apply for Medical or Duty leaves via the UMS portal.,General
disciplinary committee info variation 884,Strict actions are taken for breaking university rules.,General
alumni network info variation 885,A strong alumni network helps current students with referrals.,General
transport info variation 886,Bus services are available for students from nearby cities.,General
RMS portal info variation 887,Use the Relationship Management System (RMS) for any complaints.,General
security info variation 888,Over 2000 CCTV cameras and 24/7 guards ensure campus safety.,General
CGPA calculation info variation 889,CGPA is calculated by dividing total grade points by total credits.,General
disciplinary committee info variation 890,Strict actions are taken for breaking university rules.,General
internships info variation 891,LPU helps students secure summer and semester-long internships.,General
mess options info variation 892,"Students can choose between Standard, North Indian, and South Indian mess.",General
RMS portal info variation 893,Use the Relationship Management System (RMS) for any complaints.,General
admission process info variation 894,Apply online at lpu.in and appear for LPUNEST for admission.,General
supplementary exams info variation 895,Students can clear backlogs by appearing in supplementary exams.,General
PEP classes info variation 896,Professional Enhancement Programs (PEP) prepare students for interviews.,General
university fests info variation 897,Global Carnival and One India are the biggest annual fests.,General
highest package info variation 898,LPU has recorded a package as high as 1 crore+ internationally.,General
scholarship types info variation 899,"Scholarships are available based on merit, sports, and social service.",General
transport info variation 900,Bus services are available for students from nearby cities.,General
LPUNEST info variation 901,LPUNEST is LPU's entrance and scholarship test.,General
gate pass info variation 902,Hostelers need an online gate pass for night outs.,General
anti-ragging info variation 903,LPU has a zero-tolerance policy against ragging.,General
WiFi access info variation 904,Full campus is WiFi-enabled with high-speed connectivity.,General
CDG cell info variation 905,The Career Development Group (CDG) manages all placement activities.,General
highest package info variation 906,LPU has recorded a package as high as 1 crore+ internationally.,General
Teacher Guardian info variation 907,Every student is assigned a TG for academic and personal guidance.,General
CDG cell info variation 908,The Career Development Group (CDG) manages all placement activities.,General
uniform policy info variation 909,Formal dress code is mandatory on specified weekdays.,General
ETE exams info variation 910,End-term exams are comprehensive and usually hold 60% weightage.,General
CGPA calculation info variation 911,CGPA is calculated by dividing total grade points by total credits.,General
Teacher Guardian info variation 912,Every student is assigned a TG for academic and personal guidance.,General
grade cards info variation 913,Grade cards can be downloaded from the UMS portal after results.,General
Teacher Guardian info variation 914,Every student is assigned a TG for academic and personal guidance.,General
minor degrees info variation 915,Students can opt for a minor degree in a different specialization.,General
security info variation 916,Over 2000 CCTV cameras and 24/7 guards ensure campus safety.,General
anti-ragging info variation 917,LPU has a zero-tolerance policy against ragging.,General
Teacher Guardian info variation 918,Every student is assigned a TG for academic and personal guidance.,General
Teacher Guardian info variation 919,Every student is assigned a TG for academic and personal guidance.,General
document verification info variation 920,Original documents must be verified at the time of admission.,General
medical center info variation 921,LPU has a 24/7 hospital with ambulance services.,General
placement eligibility info variation 922,Usually 6.0+ CGPA and no active backlogs are required.,General
RMS portal info variation 923,Use the Relationship Management System (RMS) for any complaints.,General
admission हेल्पलाइन info variation 924,Contact +91-1824-517000 for any admission-related queries.,General
CA components info variation 925,"Continuous Assessment includes assignments, quizzes, and projects.",General
highest package info variation 926,LPU has recorded a package as high as 1 crore+ internationally.,General
placement eligibility info variation 927,Usually 6.0+ CGPA and no active backlogs are required.,General
admission हेल्पलाइन info variation 928,Contact +91-1824-517000 for any admission-related queries.,General
grade cards info variation 929,Grade cards can be downloaded from the UMS portal after results.,General
MTE exams info variation 930,Mid-term exams usually hold 20% weightage in the total grade.,General
fee payment info variation 931,Fees can be paid online via UMS or at the accounts office.,General
minor degrees info variation 932,Students can opt for a minor degree in a different specialization.,General
anti-ragging info variation 933,LPU has a zero-tolerance policy against ragging.,General
CDG cell info variation 934,The Career Development Group (CDG) manages all placement activities.,General
minor degrees info variation 935,Students can opt for a minor degree in a different specialization.,General
alumni network info variation 936,A strong alumni network helps current students with referrals.,General
mess options info variation 937,"Students can choose between Standard, North Indian, and South Indian mess.",General
RMS portal info variation 938,Use the Relationship Management System (RMS) for any complaints.,General
hostel facilities info variation 939,"Hostels include WiFi, laundry, gym, and 24/7 security.",General
refund policy info variation 940,Refunds are processed as per UGC and university norms.,General
top recruiters info variation 941,"Google, Microsoft, Amazon, and Adobe are regular recruiters.",General
security info variation 942,Over 2000 CCTV cameras and 24/7 guards ensure campus safety.,General
off-campus drives info variation 943,LPU also assists in off-campus placement opportunities.,General
student code of conduct info variation 944,Follow the handbook for all university rules and ethics.,General
sports complex info variation 945,The Shanti Devi Mittal Indoor Sports Complex is world-class.,General
security info variation 946,Over 2000 CCTV cameras and 24/7 guards ensure campus safety.,General
ETE exams info variation 947,End-term exams are comprehensive and usually hold 60% weightage.,General
CGPA calculation info variation 948,CGPA is calculated by dividing total grade points by total credits.,General
CA components info variation 949,"Continuous Assessment includes assignments, quizzes, and projects.",General
alumni network info variation 950,A strong alumni network helps current students with referrals.,General
transport info variation 951,Bus services are available for students from nearby cities.,General
food courts info variation 952,A-Block and P-Block host major food courts with international brands.,General
placement eligibility info variation 953,Usually 6.0+ CGPA and no active backlogs are required.,General
LPUNEST info variation 954,LPUNEST is LPU's entrance and scholarship test.,General
mess options info variation 955,"Students can choose between Standard, North Indian, and South Indian mess.",General
student code of conduct info variation 956,Follow the handbook for all university rules and ethics.,General
uni-mall info variation 957,The on-campus mall has everything from groceries to electronics.,General
medical center info variation 958,LPU has a 24/7 hospital with ambulance services.,General
fee payment info variation 959,Fees can be paid online via UMS or at the accounts office.,General
grade cards info variation 960,Grade cards can be downloaded from the UMS portal after results.,General
mock interviews info variation 961,Regular mock interviews are held to boost student confidence.,General
placement eligibility info variation 962,Usually 6.0+ CGPA and no active backlogs are required.,General
security info variation 963,Over 2000 CCTV cameras and 24/7 guards ensure campus safety.,General
scholarship types info variation 964,"Scholarships are available based on merit, sports, and social service.",General
attendance policy info variation 965,75% attendance is mandatory for all students to avoid detention.,General
top recruiters info variation 966,"Google, Microsoft, Amazon, and Adobe are regular recruiters.",General
loan assistance info variation 967,LPU provides assistance for education loans with various banks.,General
ID card info variation 968,Always carry your ID card; it's mandatory for entry and exams.,General
mess options info variation 969,"Students can choose between Standard, North Indian, and South Indian mess.",General
alumni network info variation 970,A strong alumni network helps current students with referrals.,General
mock interviews info variation 971,Regular mock interviews are held to boost student confidence.,General
CA components info variation 972,"Continuous Assessment includes assignments, quizzes, and projects.",General
hostel facilities info variation 973,"Hostels include WiFi, laundry, gym, and 24/7 security.",General
ETE exams info variation 974,End-term exams are comprehensive and usually hold 60% weightage.,General
CDG cell info variation 975,The Career Development Group (CDG) manages all placement activities.,General
gate pass info variation 976,Hostelers need an online gate pass for night outs.,General
medical center info variation 977,LPU has a 24/7 hospital with ambulance services.,General
Teacher Guardian info variation 978,Every student is assigned a TG for academic and personal guidance.,General
CA components info variation 979,"Continuous Assessment includes assignments, quizzes, and projects.",General
LPUNEST info variation 980,LPUNEST is LPU's entrance and scholarship test.,General
credit system info variation 981,LPU follows a Choice Based Credit System (CBCS).,General
CA components info variation 982,"Continuous Assessment includes assignments, quizzes, and projects.",General
gate pass info variation 983,Hostelers need an online gate pass for night outs.,General
RMS portal info variation 984,Use the Relationship Management System (RMS) for any complaints.,General
LPUNEST info variation 985,LPUNEST is LPU's entrance and scholarship test.,General
uni-mall info variation 986,The on-campus mall has everything from groceries to electronics.,General
aptitude training info variation 987,Intensive aptitude training starts from the 5th semester.,General
gate pass info variation 988,Hostelers need an online gate pass for night outs.,General
internships info variation 989,LPU helps students secure summer and semester-long internships.,General
scholarship types info variation 990,"Scholarships are available based on merit, sports, and social service.",General
document verification info variation 991,Original documents must be verified at the time of admission.,General
mess options info variation 992,"Students can choose between Standard, North Indian, and South Indian mess.",General
highest package info variation 993,LPU has recorded a package as high as 1 crore+ internationally.,General
Teacher Guardian info variation 994,Every student is assigned a TG for academic and personal guidance.,General
fee payment info variation 995,Fees can be paid online via UMS or at the accounts office.,General
attendance policy info variation 996,75% attendance is mandatory for all students to avoid detention.,General
minor degrees info variation 997,Students can opt for a minor degree in a different specialization.,General
CA components info variation 998,"Continuous Assessment includes assignments, quizzes, and projects.",General
loan assistance info variation 999,LPU provides assistance for education loans with various banks.,General
MTE exams info variation 1000,Mid-term exams usually hold 20% weightage in the total grade.,General
uni-mall info variation 1001,The on-campus mall has everything from groceries to electronics.,General
credit system info variation 1002,LPU follows a Choice Based Credit System (CBCS).,General
CDG cell info variation 1003,The Career Development Group (CDG) manages all placement activities.,General
disciplinary committee info variation 1004,Strict actions are taken for breaking university rules.,General
CGPA calculation info variation 1005,CGPA is calculated by dividing total grade points by total credits.,General
disciplinary committee info variation 1006,Strict actions are taken for breaking university rules.,General
mess options info variation 1007,"Students can choose between Standard, North Indian, and South Indian mess.",General
WiFi access info variation 1008,Full campus is WiFi-enabled with high-speed connectivity.,General
supplementary exams info variation 1009,Students can clear backlogs by appearing in supplementary exams.,General
aptitude training info variation 1010,Intensive aptitude training starts from the 5th semester.,General
admission process info variation 1011,Apply online at lpu.in and appear for LPUNEST for admission.,General
supplementary exams info variation 1012,Students can clear backlogs by appearing in supplementary exams.,General
loan assistance info variation 1013,LPU provides assistance for education loans with various banks.,General
PEP classes info variation 1014,Professional Enhancement Programs (PEP) prepare students for interviews.,General
credit system info variation 1015,LPU follows a Choice Based Credit System (CBCS).,General
minor degrees info variation 1016,Students can opt for a minor degree in a different specialization.,General
CA components info variation 1017,"Continuous Assessment includes assignments, quizzes, and projects.",General
ID card info variation 1018,Always carry your ID card; it's mandatory for entry and exams.,General
parking rules info variation 1019,Separate parking zones for students and staff; helmets mandatory.,General
loan assistance info variation 1020,LPU provides assistance for education loans with various banks.,General
internships info variation 1021,LPU helps students secure summer and semester-long internships.,General
WiFi access info variation 1022,Full campus is WiFi-enabled with high-speed connectivity.,General
credit system info variation 1023,LPU follows a Choice Based Credit System (CBCS).,General
gate pass info variation 1024,Hostelers need an online gate pass for night outs.,General
food courts info variation 1025,A-Block and P-Block host major food courts with international brands.,General
student code of conduct info variation 1026,Follow the handbook for all university rules and ethics.,General
placement eligibility info variation 1027,Usually 6.0+ CGPA and no active backlogs are required.,General
security info variation 1028,Over 2000 CCTV cameras and 24/7 guards ensure campus safety.,General
ML/DL rules info variation 1029,Apply for Medical or Duty leaves via the UMS portal.,General
admission हेल्पलाइन info variation 1030,Contact +91-1824-517000 for any admission-related queries.,General
library info variation 1031,The central library is open 24/7 during exam periods.,General
admission process info variation 1032,Apply online at lpu.in and appear for LPUNEST for admission.,General
CA components info variation 1033,"Continuous Assessment includes assignments, quizzes, and projects.",General
attendance policy info variation 1034,75% attendance is mandatory for all students to avoid detention.,General
parking rules info variation 1035,Separate parking zones for students and staff; helmets mandatory.,General
gate pass info variation 1036,Hostelers need an online gate pass for night outs.,General
mess options info variation 1037,"Students can choose between Standard, North Indian, and South Indian mess.",General
fee payment info variation 1038,Fees can be paid online via UMS or at the accounts office.,General
sports complex info variation 1039,The Shanti Devi Mittal Indoor Sports Complex is world-class.,General
off-campus drives info variation 1040,LPU also assists in off-campus placement opportunities.,General
medical center info variation 1041,LPU has a 24/7 hospital with ambulance services.,General
university fests info variation 1042,Global Carnival and One India are the biggest annual fests.,General
gate pass info variation 1043,Hostelers need an online gate pass for night outs.,General
ETE exams info variation 1044,End-term exams are comprehensive and usually hold 60% weightage.,General
student code of conduct info variation 1045,Follow the handbook for all university rules and ethics.,General
mock interviews info variation 1046,Regular mock interviews are held to boost student confidence.,General
WiFi access info variation 1047,Full campus is WiFi-enabled with high-speed connectivity.,General
RMS portal info variation 1048,Use the Relationship Management System (RMS) for any complaints.,General
disciplinary committee info variation 1049,Strict actions are taken for breaking university rules.,General
disciplinary committee info variation 1050,Strict actions are taken for breaking university rules.,General
credit system info variation 1051,LPU follows a Choice Based Credit System (CBCS).,General
credit system info variation 1052,LPU follows a Choice Based Credit System (CBCS).,General
aptitude training info variation 1053,Intensive aptitude training starts from the 5th semester.,General
sports complex info variation 1054,The Shanti Devi Mittal Indoor Sports Complex is world-class.,General
MTE exams info variation 1055,Mid-term exams usually hold 20% weightage in the total grade.,General
document verification info variation 1056,Original documents must be verified at the time of admission.,General
fee payment info variation 1057,Fees can be paid online via UMS or at the accounts office.,General
grade cards info variation 1058,Grade cards can be downloaded from the UMS portal after results.,General
medical center info variation 1059,LPU has a 24/7 hospital with ambulance services.,General
minor degrees info variation 1060,Students can opt for a minor degree in a different specialization.,General
supplementary exams info variation 1061,Students can clear backlogs by appearing in supplementary exams.,General
attendance policy info variation 1062,75% attendance is mandatory for all students to avoid detention.,General
MTE exams info variation 1063,Mid-term exams usually hold 20% weightage in the total grade.,General
ETE exams info variation 1064,End-term exams are comprehensive and usually hold 60% weightage.,General
refund policy info variation 1065,Refunds are processed as per UGC and university norms.,General
student code of conduct info variation 1066,Follow the handbook for all university rules and ethics.,General
WiFi access info variation 1067,Full campus is WiFi-enabled with high-speed connectivity.,General
off-campus drives info variation 1068,LPU also assists in off-campus placement opportunities.,General
supplementary exams info variation 1069,Students can clear backlogs by appearing in supplementary exams.,General
admission process info variation 1070,Apply online at lpu.in and appear for LPUNEST for admission.,General
medical center info variation 1071,LPU has a 24/7 hospital with ambulance services.,General
loan assistance info variation 1072,LPU provides assistance for education loans with various banks.,General
Teacher Guardian info variation 1073,Every student is assigned a TG for academic and personal guidance.,General
Teacher Guardian info variation 1074,Every student is assigned a TG for academic and personal guidance.,General
library info variation 1075,The central library is open 24/7 during exam periods.,General
alumni network info variation 1076,A strong alumni network helps current students with referrals.,General
mock interviews info variation 1077,Regular mock interviews are held to boost student confidence.,General
CDG cell info variation 1078,The Career Development Group (CDG) manages all placement activities.,General
document verification info variation 1079,Original documents must be verified at the time of admission.,General
WiFi access info variation 1080,Full campus is WiFi-enabled with high-speed connectivity.,General
ETE exams info variation 1081,End-term exams are comprehensive and usually hold 60% weightage.,General
document verification info variation 1082,Original documents must be verified at the time of admission.,General
uniform policy info variation 1083,Formal dress code is mandatory on specified weekdays.,General
LPUNEST info variation 1084,LPUNEST is LPU's entrance and scholarship test.,General
credit system info variation 1085,LPU follows a Choice Based Credit System (CBCS).,General
aptitude training info variation 1086,Intensive aptitude training starts from the 5th semester.,General
WiFi access info variation 1087,Full campus is WiFi-enabled with high-speed connectivity.,General
alumni network info variation 1088,A strong alumni network helps current students with referrals.,General
CA components info variation 1089,"Continuous Assessment includes assignments, quizzes, and projects.",General
grade cards info variation 1090,Grade cards can be downloaded from the UMS portal after results.,General
highest package info variation 1091,LPU has recorded a package as high as 1 crore+ internationally.,General
alumni network info variation 1092,A strong alumni network helps current students with referrals.,General
CGPA calculation info variation 1093,CGPA is calculated by dividing total grade points by total credits.,General
university fests info variation 1094,Global Carnival and One India are the biggest annual fests.,General
ID card info variation 1095,Always carry your ID card; it's mandatory for entry and exams.,General
ML/DL rules info variation 1096,Apply for Medical or Duty leaves via the UMS portal.,General
credit system info variation 1097,LPU follows a Choice Based Credit System (CBCS).,General
medical center info variation 1098,LPU has a 24/7 hospital with ambulance services.,General
admission process info variation 1099,Apply online at lpu.in and appear for LPUNEST for admission.,General
How to use RMS (Request Management System)?,"The Request Management System (RMS) is your primary portal for official university requests. Follow these steps: 1. Login to UMS. 2. Navigate to 'Quick Links'. 3. Select 'RMS'. 4. Click 'Raise Request'. 5. Select Category (Duty Leave, Academic, Hostel, etc.). 6. Attach mandatory documents. 7. Submit. Tracking: You can monitor your request status directly in the RMS dashboard. Typical resolution: 2-3 working days.",Rules Safety and Grievance
Where is the RMS portal?,"The RMS (Request Management System) portal is located within the University Management System (UMS). Once logged into UMS, look for the 'RMS' icon or find it under the 'Services' menu.",Rules Safety and Grievance
How to apply for duty leave (DL)?,Duty Leave (DL) must be applied for through the RMS portal on UMS. Steps: 1. Login to UMS -> RMS. 2. Select 'Apply for Duty Leave'. 3. Input event details and dates. 4. Upload the supporting certificate (signed by relevant HOD or Co-curricular head). 5. Submit for approval. Important: Application must be made within 7 days of the event completion.,Rules Safety and Grievance
What is the fee structure for BTech?,"The B.Tech fee at LPU is ₹1,20,000 to ₹1,60,000 per semester depending on the specialization (e.g., CSE vs Mechanical). Additional charges: Admission/Medical Fee (₹10,000 one-time), Examination Fee (₹2,500/sem). Scholarship offsets: Up to 50% based on LPUNEST or JEE Mains rank, which can significantly reduce the net fee.",Admissions and Administration
How to get a scholarship?,LPU offers one of India's largest scholarship schemes. Eligibility: 1. LPUNEST Score (Phase 1/2). 2. JEE Mains/CUET ranks. 3. Board Percentage (90%+ for Category 1). 4. Sports/Cultural excellence. Scholarship is maintained by keeping 75%+ attendance and 6.0+ CGPA with no active UMC.,Admissions and Administration
How is CGPA calculated?,"Academic evaluation follows the Choice Based Credit System (CBCS). CGPA = Total Grade Points earned across all semesters / Total Credits. LPU uses a 10-point scale. Example: Grade 'O' = 10, 'A+' = 8, 'F' = 0. Use the UMS CGPA Calculator for precise semester-wise projections.",Academic
Which department issues bonafide letters at LPU?,"Bonafide certificates at LPU are issued by the **Registrar's Office / Academic Affairs Department**, located in the **Block-A administrative building**. You need to submit a written application or raise a request through the **UMS/RMS portal** under Student Services. The letter is typically ready within 2–3 working days.",Academic
How to get a bonafide certificate from LPU?,"To get a bonafide certificate at LPU: 1. Log in to **UMS** → go to **Student Services** → select **Certificate Request**. 2. Fill in the purpose (bank, visa, scholarship, internship, etc.). 3. Submit the request. 4. Collect the signed certificate from the **Registrar's Office, Block-A** within 2–3 working days. Alternatively, submit a written application at Block-A directly.",Academic
How many days does it take to get bonafide certificate at LPU?,A bonafide certificate at LPU is issued within **2 to 5 working days** after the request is submitted via the RMS/UMS portal or submitted physically at the Registrar's Office in Block-A.,Academic
What is the bonafide certificate used for at LPU?,"A bonafide certificate from LPU is used for purposes like: bank account opening, passport/visa application, scholarship applications, railway/bus concession passes, internship letters, education loan, and other official purposes requiring proof of enrollment.",Academic
How to get a character certificate from LPU?,"A character certificate at LPU can be obtained from the **Dean of Student Welfare (DSW) Office** or **Registrar's Office** in Block-A. Submit a request via UMS portal → Student Services → Certificate Request (Character Certificate), or apply in person. It is issued within 3–5 working days.",Academic
How to get provisional certificate after graduation at LPU?,"After passing all subjects and completing your degree, you can apply for a provisional degree certificate from the **Examination/Registrar's Office** in Block-A. Submit the clearance form after clearing all dues. The provisional certificate is normally issued during the convocation or within 15–30 days of result declaration.",Academic
How to get migration certificate from LPU?,"Migration certificate from LPU can be obtained from the **Registrar's Office, Block-A**. You need to: 1. Clear all dues (library, hostel, fee). 2. Submit a migration application form. 3. Get a NOC from your department. 4. Pay the migration certificate fee. It takes around 7–15 working days.",Academic
How to get transcript from LPU?,"To get official transcripts from LPU: 1. Visit **ums.lpu.in** → Services → Transcript Request. 2. Specify number of sealed copies needed. 3. Pay the transcript fee (₹500–₹1000 per copy). 4. Collect from Registrar's Office, Block-A within 5–10 working days. For foreign universities, transcripts can be sent directly upon request.",Academic
How to get degree certificate from LPU?,"The original degree certificate is awarded during the **Annual Convocation** ceremony at LPU. After convocation, you can collect it from Block-A registration office or it may be dispatched by post. If you miss the convocation, you can apply for it separately at the Registrar's Office.",Academic
How to apply for duplicate marksheet at LPU?,"For a duplicate marksheet at LPU: 1. File an FIR at the nearest police station (for lost document). 2. Submit a notarized affidavit. 3. Apply at the Examination Cell, Block-A with the affidavit and FIR copy. 4. Pay the duplicate certificate fee. Processing takes 15–30 working days.",Academic
Where is the Registrar Office at LPU?,"The Registrar's Office at LPU is located in **Block-A**, the main administrative building on campus. It handles all academic records, certificates, transcripts, bonafide letters, migration, and official university documentation.",Academic
What is UMS at LPU?,"UMS stands for **University Management System** at LPU. It is the official online portal (ums.lpu.in) where students can view attendance, results, fee details, course registration, timetable, exam schedule, and apply for various services. Login using your LPU registration number and password.",Academic
How to login to UMS at LPU?,"To login to UMS: 1. Go to **ums.lpu.in**. 2. Enter your **Registration Number** (e.g., 12200000). 3. Enter your **password** (default is your date of birth in DDMMYYYY format if never changed). 4. Select student role and click Sign In. If locked, reset via Forgot Password or contact your Teacher Guardian (TG).",Academic
"I forgot my UMS password at LPU, what should I do?","If you forgot your UMS password: 1. Go to **ums.lpu.in** → click **Forgot Password**. 2. Enter your registered email/registration number. 3. A reset link will be sent to your registered email. Alternatively, visit the **IT Helpdesk** in Block-A or contact your **Teacher Guardian (TG)** to reset it.",Academic
How to check result on UMS at LPU?,"To check your result on UMS: 1. Login to **ums.lpu.in**. 2. Go to **Academics** → **Result**. 3. Select the semester. 4. You can see your subject-wise marks, grade, SGPA, and CGPA. Results are uploaded after each examination cycle.",Academic
How to register for courses on UMS at LPU?,"Course registration on UMS: 1. Login at **ums.lpu.in**. 2. Go to **Academics** → **Course Registration** during the designated registration window (usually at semester start). 3. Select your core, elective, and open elective courses. 4. Submit. Consult your TG if you face any issues.",Academic
What is LMS at LPU?,"LMS stands for **Learning Management System** at LPU, powered by **Blackboard**. It is the e-learning platform where faculty upload lecture notes, assignments, announcements, and content. Students can access it at **lpu.blackboard.com** using their student login credentials.",Academic
How to access LMS Blackboard at LPU?,"To access LMS: 1. Go to **lpu.blackboard.com**. 2. Login using your LPU registration number and password. 3. You will see all your enrolled courses. 4. Click on a course to view lectures, assignments, video content, and announcements posted by faculty.",Academic
What is the minimum attendance rule at LPU?,"LPU requires a minimum of **75% attendance** in each subject per semester. If attendance falls below 75% but is above 65%, you may be debarred from the End Term Exam (ETE) unless you have valid medical or duty leave approved. Below 65% results in automatic debarment from the exam.",Academic
What happens if attendance is below 75% at LPU?,If your attendance falls below **75%** in any subject: 1. You receive a warning from the system. 2. Between 65–74%: You may appear in the exam but get a penalty/shortage. 3. Below 65%: You are **debarred** from appearing in that subject's End Term Exam. You must apply for condonation with medical proof or accept debarment.,Academic
How to apply for attendance condonation at LPU?,"To apply for attendance condonation: 1. Login to **UMS** → **RMS** (Request Management System). 2. Submit a condonation request with supporting documents (medical certificate for medical leave, duty leave form for events). 3. Your TG/HOD reviews it. 4. Approved only in genuine cases — medical emergency, national-level sports, or university-approved events.",Academic
What is the attendance shortage fine at LPU?,"LPU does not directly charge a fine for attendance shortage, but students with less than 75% attendance risk **debarment** from End Term Exams, which means they cannot appear in the exam for that subject. This results in a fail grade and they must re-register for the course in the next semester, incurring additional course fees.",Academic
How to check subject-wise attendance at LPU?,"To check subject-wise attendance: 1. Login to **ums.lpu.in**. 2. Go to **Academics** → **Attendance**. 3. Select your semester. 4. You will see each subject's attendance percentage, number of classes held, and classes attended. Color codes: green (safe), yellow (warning), red (shortage).",Academic
Can proxy attendance be marked at LPU?,LPU strictly prohibits proxy attendance. The university uses **biometric attendance systems** and faculty-marked digital attendance via UMS. Proxy attendance is treated as a disciplinary breach and can lead to suspension or an Unfair Means Case (UMC) being filed against the student.,Rules Safety and Grievance
What is the CA MTE ETE pattern at LPU?,"LPU's evaluation pattern: **CA (Continuous Assessment)** = 20 marks (assignments, quizzes, lab work throughout the semester). **MTE (Mid Term Exam)** = 20 marks (held around week 7–8). **ETE (End Term Exam)** = 60 marks (held at the end of the semester). Total = 100 marks per subject.",Academic
What is the passing marks in each subject at LPU?,"The minimum passing marks at LPU are: **40 out of 100** in theory subjects (i.e., Grade P = 4 points or above). For practical subjects, passing criteria may vary. Students must pass each component (CA, MTE, ETE) individually as per departmental rules. Failing the ETE alone can result in fail if the combined percentage falls below 40.",Academic
How is CGPA calculated at LPU?,CGPA at LPU is calculated as the **weighted average of grade points** earned across all semesters. Formula: CGPA = (Sum of Credit × Grade Points for all subjects) ÷ (Total Credits). Each subject has a credit value. CGPA ranges from 0 to 10. Percentage equivalent = (CGPA − 0.5) × 10.,Academic
What is SGPA at LPU?,SGPA (Semester Grade Point Average) at LPU is the grade point average for a single semester. It is calculated as: SGPA = (Sum of Credit × Grade Points for that semester) ÷ (Sum of Credits for that semester). It reflects your academic performance for that particular semester only.,Academic
What happens if I fail a subject at LPU?,"If you fail a subject (below 40 marks or Grade F): 1. You must **re-register** for that subject in the next semester it is offered. 2. You pay re-registration fees. 3. Both attempts appear on the transcript, with the better grade considered for CGPA. 4. More than 2 consecutive backlogs may lead to academic probation.",Academic
What is back paper at LPU?,Back paper (or backlog) at LPU refers to a subject in which a student has scored less than the minimum passing marks (40%) and needs to repeat it. Students can re-register for failed subjects in subsequent semesters. Having backlogs can affect scholarship eligibility and placement eligibility.,Academic
What is re-appear exam at LPU?,"A re-appear exam at LPU is an opportunity for students who missed the End Term Exam due to a valid reason (medical emergency, etc.) or failed in ETE only. It is conducted a few weeks after the main ETE. Students must apply via UMS/RMS with supporting documents within the specified deadline.",Academic
What is grace marks policy at LPU?,"LPU has a grace marks provision where a few marks may be awarded to help a student pass or improve their grade, subject to the university's discretion and examination committee approval. Typically, up to 5% grace may be applied in borderline cases. This is not guaranteed and is decided by the Examination Council.",Academic
What is academic probation at LPU?,"Academic probation at LPU is imposed on students whose CGPA falls below a specified threshold (usually 4.0 or below passing standard) or who accumulate multiple backlogs. Students on probation receive a warning, are required to meet with their TG/HOD, and may face restrictions on co-curricular activities or scholarship suspension.",Academic
How to apply for re-checking of answer sheet at LPU?,To apply for re-checking/re-evaluation of answer sheet: 1. Login to **UMS** → **RMS** → Submit a re-evaluation request within the deadline after result declaration (usually 7–10 days). 2. Pay the re-evaluation fee per subject. 3. The Examination Department re-checks the answer sheet. Results may go up or stay the same.,Academic
What is the exam schedule notification process at LPU?,"LPU publishes the exam schedule (date sheet) on the **UMS portal** under Examinations → Date Sheet, usually 2–3 weeks before exams begin. Notifications are also sent via official LPU email and displayed on notice boards in departments. Always keep checking UMS during the exam season.",Academic
Can I see my answer sheet at LPU?,"LPU allows students to view their evaluated answer sheets under the **photocopy of answer sheet** scheme. Apply via UMS/RMS within 10 days of result declaration, pay the requisite fee, and your answer sheet photocopy will be made available by the Examination Cell, Block-A.",Academic
What is the fee structure for BTech at LPU?,"BTech fee at LPU (2024–25): Semester fee ranges from approximately **₹70,000 to ₹1,05,000** per semester depending on the programme (CSE/ECE/ME/CE etc.) and scholarship awarded. Annual total: ~₹1.4L to ₹2.1L. Scholarship through LPUNEST can reduce fees significantly. Hostel and mess are charged separately.",Admissions and Administration
How to pay fee online at LPU?,"To pay LPU fee online: 1. Login to **UMS** → **Finance** → **Fee Payment**. 2. Check the due amount and deadline. 3. Click Pay Online → choose Net Banking / Credit Card / Debit Card / UPI. 4. On success, download the fee receipt. Payment can also be made at the university finance counter in Block-D.",Admissions and Administration
What is the last date for fee payment at LPU?,The fee payment deadline at LPU is typically **before the semester begins** or within the first 2 weeks of each semester. Exact dates are communicated via UMS and email. Late payment incurs a fine of **₹50 per day** after the deadline. Always check UMS Finance section for your specific due date.,Admissions and Administration
What is the fine for late fee payment at LPU?,"LPU charges a late fee fine of **₹50 per day** after the fee payment deadline. After a certain threshold (usually 30 days), the student's UMS access may be restricted and they may be barred from exams until dues are cleared. Always pay on time or apply for an extension via UMS.",Admissions and Administration
Does LPU have a fee installment option?,"Yes, LPU offers **installment-based fee payment** in some cases. Students can request a payment plan from the Finance Office (Block-D). Education loans from banks like SBI, Punjab National Bank, and HDFC are also facilitated by LPU. Apply at the Finance Department with required loan documents.",Admissions and Administration
How to get fee receipt at LPU?,"To download your fee receipt: 1. Login to **ums.lpu.in** → **Finance** → **Fee Receipt**. 2. Select the semester. 3. Download/Print the receipt in PDF format. Keep it for future reference, scholarship claims, or loan documents.",Admissions and Administration
What is the refund policy for fee at LPU?,LPU's fee refund policy (as per UGC norms): Withdrawal before the course start date = **100% refund**. Within 15 days of start = 80% refund. Within 30 days = 50% refund. Within 60 days = 25% refund. After 60 days from course start = No refund. Hostel and mess charges follow a separate refund schedule.,Admissions and Administration
Can I get education loan for LPU?,"Yes, LPU has tie-ups with banks like **SBI, Bank of Baroda, Punjab National Bank, HDFC, and Axis Bank** for education loans. Visit the Finance Office in Block-D for loan processing. You need 10th/12th/semester marksheets, bonafide certificate, fee structure document, and family income proof.",Admissions and Administration
What is LPUNEST scholarship?,LPUNEST (LPU National Entrance and Scholarship Test) is LPU's own entrance cum scholarship exam. Based on LPUNEST score: **Rank 1** = 100% tuition fee waiver. **Rank 2–10** = 75% waiver. Scholarships range from 10% to 100% depending on rank. It also accepts JEE/NEET/CAT/CLAT scores for scholarship determination.,Admissions and Administration
How much scholarship can I get at LPU based on JEE score?,LPU offers scholarships based on JEE Mains/Advanced scores: **JEE score ≥ 99 percentile** → 100% tuition fee waiver. **95–99 percentile** → 75% waiver. **90–95 percentile** → 50% waiver. **85–90 percentile** → 25% waiver. Exact slabs are updated each academic year — always verify on lpu.in.,Admissions and Administration
What is merit scholarship at LPU?,LPU's merit scholarship is awarded based on **academic performance each semester**. Students with CGPA ≥ 9.0 in the previous semester get a partial/full tuition fee waiver for the next semester. The exact percentage depends on the programme and the policy for that academic year. Check UMS → Scholarship tab.,Admissions and Administration
How to apply for scholarship renewal at LPU?,"Scholarship renewal at LPU is automatic if you meet the CGPA criteria. For LPUNEST scholarships: maintain the minimum CGPA (usually 6.5–7.5 depending on tier). If not maintained, the scholarship pauses. Appeal via UMS → Finance → Scholarship Status or visit the Scholarship Cell in Block-D.",Admissions and Administration
Is there sports scholarship at LPU?,"Yes, LPU provides **Sports Scholarships** for national/international level athletes. Up to 100% tuition fee waiver for students representing India, and 50–75% for state-level players. Apply to the Sports Department (Block-50 Sports Complex) with your achievement certificates. The Admissions Office also manages sports scholarships.",Admissions and Administration
What is the sports quota admission at LPU?,"LPU admits students under **Sports Quota** for those who have represented at district, state, national, or international levels. Benefits include relaxed merit criteria for admission and scholarship up to 100%. Apply through the sports department after clearing the standard admission process at lpu.in/admission.",Admissions and Administration
What is the admission process at LPU?,LPU admission process: 1. Apply online at **lpu.in/admission**. 2. Select programme and fill the form. 3. Appear for **LPUNEST** (optional but recommended for scholarship). 4. Submit qualifying exam scores (10+2/degree). 5. Receive admission offer letter. 6. Pay the confirmation fee. 7. Complete document verification on reporting day.,Admissions and Administration
What are the documents required for LPU admission?,"Documents required for LPU admission: 10th marksheet & certificate, 12th marksheet & certificate (or degree), photo ID proof (Aadhaar/Passport), 6–8 passport-size photographs, migration certificate (if from outside Punjab), category certificate (SC/ST/OBC if applicable), medical fitness certificate, and income certificate (for scholarship).",Admissions and Administration
What is the last date for LPU admission?,"LPU follows a rolling admission process, so applications are accepted **throughout the year** until batches are filled. However, the primary intake is in **July–August** for the odd semester. Some programmes also admit in January. Check **lpu.in/admission** for current deadline details.",Admissions and Administration
Does LPU accept JEE score for BTech admission?,"Yes, LPU accepts **JEE Mains, JEE Advanced, SAT, CUET**, and LPUNEST scores for BTech admission. JEE score above the qualifying cutoff ensures direct admission without LPUNEST. The JEE score also determines the level of scholarship awarded. No separate entrance exam is needed if JEE score meets the criteria.",Admissions and Administration
What are the BTech programmes offered at LPU?,"LPU offers BTech in: Computer Science & Engineering (CSE), CSE with specializations (AI/ML, Cybersecurity, Data Science, Cloud, IoT, Blockchain), Electronics & Communication (ECE), Electrical Engineering (EE), Mechanical Engineering (ME), Civil Engineering (CE), Chemical Engineering, Aerospace Engineering, Biotechnology, and many more. Over 40+ BTech specializations are available.",Admissions and Administration
What is LPU's NAAC grade?,"LPU has been accredited by **NAAC with an A++ grade** (the highest possible grade), making it one of the top private universities in India. It is also in the top 50 in NIRF Rankings.",Admissions and Administration
What is the LPU registration number format?,"LPU registration numbers follow the format: **YYYYS####** where YYYY = year of admission, S = school/programme code, and #### = unique serial. For example, 12213801 means 2022 batch. The registration number is used for all UMS logins, exams, and official correspondence.",Admissions and Administration
What are the hostel facilities at LPU?,"LPU hostels (Boys: B1–B11, Girls: G1–G8) offer: furnished rooms (single, double, triple sharing), 24/7 Wi-Fi, biometric access, 24/7 security & CCTV, attached bathrooms, hot water, common rooms with TV, indoor games, gym facilities in some blocks, laundry facilities, and nearby mess/food courts.",Campus Life
How to apply for hostel at LPU?,To apply for hostel at LPU: 1. Login to **UMS** → **Hostel Module** → Apply for Hostel. 2. Select the hostel block and room type preference. 3. Pay the hostel fee (annual or semester-wise). 4. Allotment is done on a first-come-first-served basis. You may also apply through the Hostel Office in Block-11.,Campus Life
What is the hostel fee at LPU?,"LPU hostel fee (2024–25): **Single room** ≈ ₹1.3–1.7 lakh per year, **Double sharing** ≈ ₹80,000–1.1 lakh per year, **Triple sharing** ≈ ₹55,000–75,000 per year. Separate mess charges apply: ~₹3,000–4,500 per month depending on meal plan selected.",Campus Life
What are the hostel rules at LPU?,"Key LPU hostel rules: 1. Curfew: Boys — 10:00 PM, Girls — 8:00 PM (varies by block). 2. No outside guests in rooms. 3. No ragging, alcohol, or smoking on premises. 4. Biometric entry/exit mandatory. 5. Room inspections can happen. 6. Visitors allowed only in designated visitor areas during specified hours. 7. Proper dress code required in common areas.",Rules Safety and Grievance
What are the boys hostel blocks at LPU?,"Boys hostels at LPU are in **Blocks B1 to B12** (some numbered differently). Each block has varies from 3 to 10 floors with different room types. B-Block hostels are located in the main campus area, with amenities like common rooms, gyms (select blocks), Wi-Fi, and mess facilities nearby.",Campus Life
What are the girls hostel blocks at LPU?,"Girls hostels at LPU are in **Blocks G1 to G8** and some dedicated wings. All girls hostel blocks have 24/7 female security, biometric entry, CCTV surveillance, strict visiting hours for guests, attached bathrooms, and are located in secure zones of the campus separate from boys hostels.",Campus Life
What is the hostel curfew time at LPU?,"LPU hostel curfew: **Boys** — 10:30 PM. **Girls** — 8:00 PM (strictly enforced). Students out after curfew must report to the warden with a valid reason. Repeated violations lead to a hostel disciplinary warning. Gates are controlled by biometric systems, and all entry/exit is logged.",Rules Safety and Grievance
Is food good at LPU hostel mess?,"LPU has over 20 mess outlets and multiple food courts offering North Indian, South Indian, Chinese, Continental, Jain, and vegan options. The university has a centralized mess system with hygiene audits. There are also multiple restaurants, cafes, and fast food outlets within the campus like Domino's, Subway, and local dhaba-style eateries.",Campus Life
What is the mess fee at LPU?,"LPU mess fee is approximately **₹3,000–₹4,500 per month** depending on the meal plan. Plans include: 1. Breakfast + Lunch + Dinner (full plan), 2. Lunch + Dinner only. Students can opt for monthly meal plans or use the food court on a pay-per-use basis. Food is available at reasonable prices.",Campus Life
Can I stay off-campus at LPU?,All **regular undergraduate students** are required to stay in the university hostel unless they are local residents (residing with family in the Phagwara/Jalandhar area). Off-campus stay requires a formal request approved by the HOD and DSW office with parental consent. PG and PhD students may be exempted.,Rules Safety and Grievance
What is the campus size of LPU?,"LPU (Lovely Professional University) is spread over a **600-acre campus** in Phagwara, Punjab. It is one of the largest university campuses in India. The campus includes academic blocks, hostels, sports complexes, food courts, hospitals, banks, salons, and recreational facilities.",Campus Life
What facilities are available at LPU campus?,"LPU campus facilities include: Central Library (24/7 during exams), Sports Complex (cricket ground, badminton, basketball, football, swimming pool, gym), Medical Centre (Uni-mall), ATMs (multiple banks), supermarket, restaurant zone, cinema room, auditoriums, AC classrooms with smart boards, high-speed Wi-Fi campus-wide, laundry, salon, and more.",Campus Life
What sports facilities are available at LPU?,"LPU has world-class sports facilities: cricket ground, football field, basketball/volleyball courts, badminton courts, table tennis, chess, carrom, Olympic-size swimming pool, athletics track, kabaddi/kho-kho ground, boxing/wrestling ring, squash court, skating rink, and a fully equipped gymnasium. Sports coaching is also provided.",Campus Life
What clubs and societies are available at LPU?,"LPU has 200+ student clubs and societies including: coding clubs (Microsoft Student Association, Google DSC), cultural clubs (music, dance, drama, photography), literary clubs (debate, public speaking), sports clubs, robotics club, astronomy club, entrepreneurship cell, NSS, NCC, Rotaract, and more. Join via UMS → Co-curricular Activity.",Campus Life
What is One India at LPU?,"**One India** is LPU's flagship annual cultural festival that celebrates the cultural diversity of India. Students from all states perform their traditional dances, songs, and cultural acts. It is one of the largest cultural events in Indian universities and runs for multiple days with massive audience participation.",Campus Life
What is Bloom at LPU?,"**Bloom** is LPU's Annual International Cultural Festival — a mega event featuring celebrity performers, international acts, competitions, and cultural showcases. It is the biggest annual festival at LPU with performances from top Bollywood artists, international musicians, and student talent shows.",Campus Life
What is Kavya at LPU?,"**Kavya** is LPU's Annual Sports Fest, one of the largest inter-university sports competitions in North India. Students from universities across India participate in 30+ sports disciplines. It's an Olympic-style sports festival organized by LPU students every year.",Campus Life
Is there a swimming pool at LPU?,"Yes, LPU has an **Olympic-size swimming pool** at the Sports Complex (Block-50 area). It is open to all students. Swimming coaching is also available. The pool follows water quality standards and is maintained year-round.",Campus Life
What is the LPU Uni-mall?,"The **Uni-mall** at LPU is a one-stop commercial complex within the campus that houses: food outlets (Domino's, Subway, cafes, dhabas), clothing shops, electronics store, book store, bank branches, ATMs, salon/spa, medical pharmacy, and various student services. It is a mall-like facility inside the campus.",Campus Life
Is there a hospital at LPU?,"LPU has a **Medical Centre / Student Clinic** on campus that provides basic healthcare, emergency care, and general OPD services. For specialized treatment, students are referred to **Lovely Hospital** (affiliated), located close to the campus. 24-hour ambulance service is available on campus.",Campus Life
What is the internet speed at LPU campus?,LPU provides **campus-wide high-speed Wi-Fi** with speeds typically ranging from 50 Mbps to 1 Gbps depending on the zone. The campus runs on an optical fiber network. Student hostels have dedicated Wi-Fi routers per floor. VPN services may restrict certain content as per university policy.,Campus Life
Where is LPU located?,"LPU (Lovely Professional University) is located in **Phagwara, Punjab, India** — on the GT Road (National Highway 44). It is approximately 25 km from Jalandhar city, 148 km from Chandigarh, and 440 km from Delhi. The nearest railway station is **Phagwara Railway Station** (~5 km from campus).",Campus Life
How to reach LPU campus?,"To reach LPU Phagwara: By Rail — nearest station is **Phagwara** (trains from Delhi, Amritsar, Chandigarh). By Road — LPU is on NH-44 GT Road; buses from Jalandhar, Ludhiana, Amritsar available. By Air — nearest airports: **Chandigarh Airport** (148 km) or **Amritsar Airport** (100 km). University buses available from Phagwara bus stand.",Campus Life
Is there a temple or place of worship at LPU?,"Yes, LPU has places of worship for multiple religions within the campus including a **temple, mosque, gurudwara**, and a meditation centre. LPU promotes religious harmony and all students are welcomed to practice their faith. The campus has a multicultural and inclusive environment.",Campus Life
Does LPU have a laundry service?,"Yes, LPU hostels have **laundry facilities** available on each floor or block-wise. Coin-operated or subscription-based washing machines are available. Some blocks also have a third-party laundry service that picks up and delivers cleaned clothes within 24–48 hours for a nominal charge.",Campus Life
What is the highest package at LPU?,"The highest package at LPU recorded was **₹1.05 Crore per annum** (international). The highest domestic package has been around **₹44–70 LPA** from companies like Google, Microsoft, Goldman Sachs, and similar top-tier companies. These are for CSE/IT branches primarily.",Placements and Career
What is the average package at LPU?,"The average placement package at LPU is approximately **₹4.5 to ₹7 LPA** across all programmes. For top CSE/IT specializations like AI/ML, Data Science, and Cloud Computing, the average package from good companies ranges from ₹6–12 LPA. These figures can vary by year and branch.",Placements and Career
Which companies come for placements at LPU?,"Top companies that recruit from LPU include: **Google, Microsoft, Amazon, Wipro, Infosys, TCS, Cognizant, HCL, Capgemini, Deloitte, Accenture, IBM, PhonePe, Paytm, Zomato, Byju's, Goldman Sachs, KPMG, Adobe, Samsung**, and 900+ more companies. Over 3,000+ companies visit LPU annually for placements.",Placements and Career
How to register for campus placements at LPU?,"To register for placements: 1. Login to **UMS** → **CDC (Career Development Centre)** → Campus Placement Registration. 2. Upload your updated resume in the approved format. 3. Register your CGPA, skills, and internship details. 4. Attend CDC orientation in 5th semester. Placement drives are announced via UMS and CDC email.",Placements and Career
What is the minimum CGPA for placements at LPU?,"Most companies visiting LPU for placements require a minimum **CGPA of 6.5–7.0** on a 10-point scale. Some companies like TCS, Wipro require 6.0+, while premium companies like Google, Microsoft may require 8.0+ CGPA. No active backlogs are mandatory for most placement drives.",Placements and Career
When do placements start at LPU?,Campus placement activity begins from the **5th semester** at LPU. Internship opportunities are provided from 3rd/4th semester via CDC. Full-time placement drives (campus hiring) run from **October to March** of the final year. Pre-placement offers (PPO) from internships also count toward placement.,Placements and Career
What is CDC at LPU?,"CDC stands for **Career Development Centre** at LPU. It is the official placement and career services department. CDC conducts aptitude training, mock interviews, resume building workshops, and coordinates all campus placement drives. It is located in the main academic zone and is accessible via UMS.",Placements and Career
Does LPU help with internships?,"Yes, LPU's CDC actively facilitates **internship opportunities** for students from 3rd semester onwards. Internships are also offered through LPU's industry partnerships, startup incubators, and via dedicated internship portals linked to UMS. Students can also get credit for internships under LPU's internship policy.",Placements and Career
Is there an LPU placement guarantee?,"LPU does not offer a 100% placement guarantee but has a strong placement record — over **70–80% of eligible and registered students** get placed through campus drives. Students who actively apply and have strong skills, good CGPA, and no backlogs have significantly higher placement success rates.",Placements and Career
What is the LPU entrepreneurship cell?,"LPU has a vibrant **Entrepreneurship Cell (E-Cell)** that supports student startups through the **LPU Incubation Centre / Lovely Tech Park**. Students can get seed funding, mentorship, workspace, and guidance to launch their own companies. Several student startups from LPU have raised VC funding.",Placements and Career
How to prepare for placements at LPU?,"To prepare for placements at LPU: 1. Maintain **CGPA ≥ 7.0** with no backlogs. 2. Build skills: DSA, programming, core domain knowledge. 3. Attend CDC aptitude and soft skills training. 4. Do internships from 3rd/4th semester. 5. Build projects on GitHub. 6. Practice on platforms like LeetCode, HackerRank, and CodeChef. 7. Register on CDC portal in 5th semester.",Placements and Career
What are the top CSE specializations for placements at LPU?,"Top CSE specializations for placements at LPU: **CSE (AI & Machine Learning)**, CSE (Data Science), CSE (Cybersecurity), CSE (Cloud Computing), and CSE (Full Stack Development) give the best placement outcomes with average packages of ₹7–15 LPA. These align with current industry demand from top tech companies.",Placements and Career
What is RMS at LPU?,"RMS stands for **Request Management System** at LPU. It is the official portal (accessible via UMS) where students can submit formal requests such as duty leave, bonafide certificates, fee receipts, hostel complaints, address change, medical leave, and other university-related service requests. All requests are tracked until resolved.",Academic
How to apply for duty leave at LPU?,"To apply for Duty Leave (DL): 1. Login to **UMS** → **RMS** → New Request → Duty Leave. 2. Select the dates and reason (competition, seminar, NCC/NSS, sports event, university activity). 3. Attach supporting documents (event letter or certificate). 4. Submit for TG/HOD approval. 5. Approved DL does not count as absence.",Academic
What events qualify for duty leave at LPU?,"Events qualifying for Duty Leave at LPU: National/international sports competitions, NCC/NSS camps and activities, inter-university/tech competitions, university-organized trips and educational tours, student society events officially approved by DSW, AICTE/UGC funded seminars, and other university-endorsed activities.",Academic
What is medical leave at LPU?,"Medical Leave (ML) at LPU is a type of condonation for absence due to genuine medical reasons. You need: A medical certificate from a registered doctor/hospital, and submission via **UMS → RMS → Medical Leave Request** within 7 days of returning. Approved ML reduces effective absence for attendance calculation.",Academic
How many duty leaves can I take per semester at LPU?,"LPU does not prescribe a strict maximum number of duty leave days, but individual departments may set caps. Generally, DL is granted for specific events and must be applied for in advance. Total DL should not be so excessive that it compromises academic progress. Your TG monitors DL applications.",Academic
What is TG at LPU?,"TG stands for **Teacher Guardian** at LPU. Every student is assigned a TG — a faculty member who acts as their academic advisor and mentor. Your TG helps with course registration, attendance issues, duty leave approval, academic concerns, and personal counseling. Check UMS for your assigned TG's name and contact.",Academic
What is the dress code at LPU?,"LPU has a **formal dress code** for academic areas (classrooms, labs, exam halls). Boys: formal trousers/jeans with collared shirts or T-shirts. Girls: Salwar kameez, formal wear or jeans with tops. Sleeveless tops and shorts are not allowed in academic zones. During industrial visits, formal attire is compulsory. Hostel common areas also have basic dress code norms.",Rules Safety and Grievance
What are the anti-ragging rules at LPU?,"LPU has a **zero-tolerance anti-ragging policy** in accordance with UGC regulations. Ragging (verbal, physical, or online) is a criminal offense. Punishments range from suspension to expulsion and police action. All students sign an anti-ragging affidavit at admission. Report ragging via the anti-ragging helpline or through the DSW office.",Rules Safety and Grievance
How to report ragging at LPU?,To report ragging at LPU: 1. Contact the **Anti-Ragging Helpline**: 1800-180-5522 (toll-free). 2. Report to the **DSW (Dean of Student Welfare) Office**. 3. File a complaint via UMS → Grievance. 4. Go to the nearest Security checkpoint. All complaints are confidential and acted upon immediately.,Rules Safety and Grievance
What is the alcohol and smoking policy at LPU?,"LPU is a **100% alcohol-free and non-smoking campus**. Possession, consumption, or distribution of alcohol, cigarettes, drugs, or any intoxicant within the campus or hostels is strictly prohibited and is a serious disciplinary offense. Violation can lead to **immediate suspension or expulsion**.",Rules Safety and Grievance
What happens if caught with mobile in exam at LPU?,"If caught with a mobile phone or any electronic device during an exam at LPU, it is treated as an **Unfair Means Case (UMC)**. Consequences: cancellation of that paper, possible suspension from all exams for that semester, academic penalty, and a warning letter. Repeat offense = expulsion. All electronic devices must be deposited before entering the exam hall.",Rules Safety and Grievance
What is UMC at LPU?,"UMC stands for **Unfair Means Case** at LPU. It is filed against students caught cheating in exams — using chits, mobile phones, copying from another student, or impersonating. Consequences include: 0 marks in that exam, suspension for the semester, or rustication (expulsion) for extreme cases depending on the UMC committee's decision.",Rules Safety and Grievance
What is the grievance redressal system at LPU?,"LPU has a formal **Grievance Redressal System** accessible via: 1. **UMS → RMS → Grievance** for online submission. 2. Physical grievance boxes placed across campus. 3. Direct meeting with DSW, HOD, or Dean. 4. The Internal Complaints Committee (ICC) for gender-based issues. All complaints are addressed within 7–15 working days.",Rules Safety and Grievance
What is the sexual harassment policy at LPU?,LPU has a strict **Sexual Harassment (POSH) Policy** in compliance with the POSH Act 2013. The **Internal Complaints Committee (ICC)** handles complaints. Students can report sexual harassment confidentially to the ICC or DSW office. Zero tolerance is maintained and offenders face severe disciplinary action including expulsion and police action.,Rules Safety and Grievance
Is LPU safe for girls?,"Yes, LPU is considered one of the safest campuses for girls in India. Safety measures include: 24/7 CCTV surveillance, biometric hostel access, female security guards in girls zones, strict visiting hours, well-lit campus, shuttle buses within campus, security escort services, and dedicated complaints to ICC/DSW. Girls hostels are in secured zones.",Rules Safety and Grievance
What is the security system at LPU?,LPU has a 7-layer security system: 1. Biometric entry/exit at hostels and labs. 2. 24/7 CCTV monitoring across 600 acres. 3. Uniformed security personnel at all gates and blocks. 4. RFID-based vehicle tracking. 5. Smart sensors in sensitive areas. 6. Police emergency response tie-up. 7. Digital guard tracking system on campus.,Rules Safety and Grievance
What is the visitor policy at LPU?,"Visitors to LPU campus must: 1. Register at the **main gate security desk** with a valid government ID. 2. Their details are logged digitally. 3. Visitor passes are issued. 4. For hostel visits, students must inform the warden, and visitors are restricted to designated visitor rooms during visiting hours (typically 10 AM – 6 PM). No overnight stays for external guests.",Rules Safety and Grievance
What is NCC at LPU?,"LPU has an active **NCC (National Cadet Corps)** unit — Army, Navy, and Air Force wings. NCC cadets get duty leave for camps, priority in some public sector placements, and a 'C' certificate which gives an edge in defence services selection and government jobs. Register with the NCC Unit at LPU's Defence Studies department.",Campus Life
What is NSS at LPU?,"LPU's **NSS (National Service Scheme)** unit organizes social service activities like blood donation camps, cleanliness drives (Swachh Bharat), tree plantation, village adoption programs, and awareness campaigns. NSS participation gives 10–20 attendance leave days in some contexts. Register via UMS → Co-curricular.",Campus Life
How to join a sports team at LPU?,To join LPU sports teams: 1. Contact the **Sports Department (Block-50)**. 2. Try-outs are held at the beginning of each semester for various sports. 3. Selected students represent LPU in inter-university/national competitions. 4. Sports scholarships and duty leaves are provided for participating athletes.,Campus Life
Does LPU have a bus facility?,"LPU operates an extensive **bus service** covering Phagwara, Jalandhar, Ludhiana, Amritsar, Pathankot, and nearby cities for daily commuters. Timetables are available at the Transport Office. Within campus, **electric shuttles and golf carts** operate to help students move across the 600-acre campus.",Campus Life
How to apply for bus pass at LPU?,"To apply for LPU bus pass: 1. Visit the **Transport Office** (behind Block-A or near the main gate). 2. Submit your residential address, route details, and fee payment. 3. Monthly/semester bus passes are issued. Also check **UMS → Transport** for online applications for bus route booking.",Campus Life
What is the ARTC bus service at LPU?,LPU's bus services cover over 30+ routes across Punjab and nearby states. The **LPU Transport Office** manages fleets of AC and non-AC buses. Special buses are also arranged for airport drops during semester start/end and festival breaks.,Campus Life
What is the School of Computer Science and Engineering at LPU?,"The **School of Computer Science & Engineering (SCSE)** at LPU is one of the largest schools with over 20,000+ enrolled students. It offers BTech CSE with 15+ specializations, MTech, MCA, BCA, BSc (CS/IT), and PhD programmes. It has dedicated AI, robotics, cybersecurity, and data science labs.",Academic
What are the labs available in CSE at LPU?,"CSE labs at LPU include: AI/ML Lab, Data Science Lab, Cybersecurity Lab, IoT Lab, Robotics Lab, Computer Networks Lab, Software Development Lab, Programming Lab, Cloud Computing Lab (AWS/Azure/GCP certified), Virtual Reality Lab, and a Supercomputing Cluster Node in collaboration with national HPC missions.",Academic
How to change branch at LPU?,Branch change at LPU is possible after the 1st or 2nd semester based on: 1. Availability of seats in the target branch. 2. CGPA in the current branch (usually requires ≥ 8.0). 3. No backlogs. Apply via UMS → Academic Services → Branch Change Request during the designated window. Approval is at the discretion of the University.,Academic
What are the elective subjects in BTech CSE at LPU?,"BTech CSE students at LPU choose domain electives from streams like: AI/ML, Cybersecurity, Data Science, Cloud, IoT, Full Stack Dev, Mobile Dev, Blockchain, AR/VR. Open electives from other departments are also mandatory. Course selection happens via UMS during the registration window.",Academic
What is the credit system at LPU?,"LPU follows a **credit-based system** where each subject has a certain credit value (typically 1–4 credits). Theory courses have 3–4 credits, labs 1–2 credits. Total credits per semester: 20–24. Minimum credits needed for graduation: ~160–180 depending on the programme. CGPA is calculated based on weighted credit average.",Academic
What is the LPU app?,"LPU has an official mobile app called **myLPU (or LPU Connect)** available on Android and iOS. It provides: UMS access, attendance tracking, exam schedules, news & events, campus map, hostel updates, and push notifications for important announcements. Download from Play Store or App Store.",Campus Life
What are the banking facilities at LPU?,"LPU campus has multiple **bank branches and ATMs**: Punjab National Bank, SBI, Axis Bank, HDFC ATMs, and others. Students can open zero-balance student accounts. The Uni-mall area has ATMs available 24/7. Fee payment can also be done via the bank branch on campus.",Campus Life
Is there a post office at LPU?,"LPU has a **post office facility** on campus that handles parcel delivery, postal services, and speed post for students. It is located near Block-A administrative area. Students frequently use it for sending documents, passports, and receiving courier packages.",Campus Life
What is the gym facility at LPU?,"LPU has multiple **gym facilities** on campus — a large Sports Complex gym with modern equipment (treadmill, weights, cardio machines), and smaller hostel block gyms. Gym access is included in hostel fees for most blocks. There are also professional trainers for students who want fitness guidance.",Campus Life
What is the library at LPU?,"LPU's **Central Library** is one of the largest in North India with 3+ lakh books, 500+ international and national journals, digital databases (JSTOR, IEEE Xplore, ScienceDirect), Scopus access, 1000+ seating capacity, computer lab for digital access, and extended hours (8 AM to midnight on weekdays). 24/7 open during exam period.",Campus Life
How many books can I borrow from LPU library?,LPU library allows students to borrow **up to 5 books** at a time for a period of **15 days**. A late return fine of ₹5 per day per book is charged. Books can be renewed online via UMS → Library services. Reference books and journals must be read within the library premises.,Campus Life
What is the printing and photocopying facility at LPU?,"Printing and photocopy services are available at multiple locations on the LPU campus including the library, Uni-mall, hostel zones, and department-level service counters. Charges are nominal (₹1–2 per page for black and white, ₹5–10 for color printing). Students can also print from the computer labs.",Campus Life
What is the stationery shop at LPU?,"LPU has a **stationery and book shop** in the Uni-mall area and near the library. It stocks notebooks, pens, graph papers, lab manuals, printouts, university-approved textbooks, engineering materials, and other academic supplies at reasonable prices.",Campus Life
Is there a cinema or recreation area at LPU?,"LPU has a **dedicated Recreation Zone** and an in-campus mini cinema/screening room for movie screenings, cultural events, and club activities. The campus also has a bowling alley, gaming zone, and indoor entertainment spaces. Special movie screenings and college fest events are organized regularly.",Campus Life
What is the IT helpdesk at LPU?,"The **IT Helpdesk** at LPU (located in Block-A basement) handles: Wi-Fi connectivity issues, UMS login problems, email account issues, password resets, software/hardware complaints, and LMS access. Students can also raise IT issues via UMS → Helpdesk → IT Support ticket.",Academic
Does LPU offer PhD programmes?,"Yes, LPU offers **PhD programmes** in over 40+ disciplines including Engineering, Management, Sciences, Humanities, Law, Pharmacy, Agriculture, and more. Admission is based on GATE/NET/UGC-JRF or LPU's own PhD entrance test. Research fellowships (JRF/SRF) are available for eligible candidates.",Admissions and Administration
What is the MTech programme at LPU?,"LPU offers MTech in streams like CSE, ECE, ME, CE, EE with specializations. Duration: 2 years (full-time). Admission via **GATE score** (preferred and gives scholarship) or LPUNEST for MTech. GATE-qualified candidates get significant scholarship. The School of Engineering runs the MTech programme.",Admissions and Administration
What is the ERP portal at LPU?,"The **ERP (Enterprise Resource Planning) portal** at LPU is a parent-facing interface that allows parents to monitor: their child's attendance, results, fee payment status, hostel activities, and academic performance. Parents create a login at ums.lpu.in using the student's reference details.",Academic
How can parents check attendance at LPU?,"Parents can monitor their child's attendance via the **LPU ERP/Parent Portal** at ums.lpu.in. After creating a parent account linked to the student's registration number, they can view real-time attendance, results, fee balance, and hostel entry/exit logs. SMS alerts are also sent for low attendance.",Academic
What is the anti-plagiarism policy at LPU?,"LPU has a strict **anti-plagiarism policy**. All research papers, dissertations, and major project reports are scanned through Turnitin or iThenticate. Similarity index above 20–25% (varies by submission type) results in rejection and resubmission requirement. For PhD theses, the limit is stricter (10–15%). Students are encouraged to maintain academic integrity.",Academic
What is the internship policy at LPU?,"LPU has a mandatory internship component in most programmes: **BTech** — 4–8 weeks summer internship (valued in CGPA as a credit course). Students can intern at companies, research institutes, or start their own projects. CDC facilitates internships. Internship reports are submitted on UMS after completion. PPO (Pre-Placement Offers) from internships are counted toward placement statistics.",Placements and Career
Does LPU have international exchange programs?,"Yes, LPU has **international student exchange programmes** and MoUs with 300+ universities worldwide. Students can apply for semester abroad programmes, joint degrees, and research collaborations. LPU also has a large international student population (from 50+ countries), making it truly multicultural.",Admissions and Administration
What is the convocation at LPU?,LPU's **Annual Convocation** is a grand ceremony where graduating students receive their degrees. It is typically held once a year in a large auditorium or outdoor venue. Parents are invited. Students wear academic gowns. The Vice Chancellor or a distinguished guest confers the degrees. Results must be declared before convocation eligibility.,Academic
How to print hall ticket at LPU?,To print your exam hall ticket: 1. Login to **ums.lpu.in**. 2. Go to **Examinations** → **Admit Card / Hall Ticket**. 3. Download and print the hall ticket before the exam. Take it to every exam along with your LPU ID card. No hall ticket means no entry to the exam hall.,Academic
What ID card is needed at LPU?,"All LPU students must carry their **LPU Student ID Card** at all times on campus. The ID card is required for: entering academic blocks, library access, exam hall entry, gym/sports complex access, lab access, and hostel gate entry. It also acts as an RFID-enabled smart card for some services.",Academic
How to get duplicate ID card at LPU?,To get a duplicate LPU ID card: 1. File an FIR/complaint for lost card. 2. Visit the **Student Services Cell** in Block-A. 3. Pay the duplicate ID card fee (approx ₹200–500). 4. Submit your photographs and student registration details. 5. Duplicate card ready in 2–5 working days.,Academic
What is the email ID provided to LPU students?,"LPU provides an official email address to every student in the format: **registrationnumber@lpu.in** (e.g., 12212345@lpu.in). This email is used for all official communications from the university including exam notifications, scholarship letters, CDC alerts, and UMS notifications. Access via Gmail with LPU account credentials.",Academic
How to update personal details on UMS?,"To update personal details (address, phone number, photo): 1. Login to **ums.lpu.in**. 2. Go to **My Profile** → **Edit Profile**. 3. Update the required fields. 4. Submit for approval. Some critical details (name, DOB) may require physical verification at Block-A. Always keep your contact details updated for emergency communication.",Academic
What is the LPU drone testing facility?,LPU has a dedicated **Drone Testing and Research Centre** — part of its aerospace and emerging technology initiative. Students in Aerospace Engineering and CSE (IoT/Robotics) programmes can access the drone bay for project work and research. LPU is one of the few universities in India with a certified drone testing zone.,Campus Life
Does LPU have a startup incubator?,"Yes, **LPU Innovation & Incubation Centre (I&IC) / Lovely Tech Park** is LPU's startup incubator. It provides: seed funding, co-working space, mentorship from industry experts, legal support, and access to LPU's industry network. Several student startups have raised funding and launched successful businesses from the LPU incubator.",Placements and Career
What is the LPU ranking?,LPU consistently ranks among India's top universities: **NIRF Ranking 2024** — in top 50 universities overall. **NAAC A++ accredited**. Ranked among top private universities by QS India Rankings. It is the 2nd largest private university in the world by enrollment (Guinness World Record holder for having the maximum students in a private campus).,Admissions and Administration
What is LPU's world record?,"LPU holds multiple **Guinness World Records** including: Largest number of students on a single private university campus, largest human national flag, largest solar system model on campus, most people performing simultaneous activities (Yoga Day, etc.). LPU is recognized in the Asia Book of Records as well.",Campus Life
Does LPU provide laptop to students?,"LPU does not provide free laptops to all students. However, **scholarship students** under certain merit programmes may receive laptop subsidies or discounts via LPU's empanelled vendors. CSE/IT students are strongly recommended to bring their own laptops (minimum 8GB RAM, 512GB SSD). Computer labs with 1000+ systems are available 24/7.",Academic
What is the annual fest at LPU?,"LPU's major annual festivals: **Bloom** (International Cultural Fest), **One India** (Cultural Diversity Fest), **Kavya** (Sports Fest), **Transgraph** (Photography Fest), **Odyssey** (Technical Fest), **Law Fest**, **Domain-specific fests** for each school. These are organized by students and feature national celebrities, competitions, and events.",Campus Life
What is Lovely Tech Park at LPU?,"**Lovely Tech Park** is LPU's on-campus technology park and startup incubation zone. It houses tech companies, startup offices, innovation labs, and co-working spaces. Companies in Lovely Tech Park also recruit LPU students directly. It bridges the gap between academia and industry.",Placements and Career
What are the popular hangout places near LPU?,"Popular hangout spots near LPU: 1. **Uni-mall** (on campus) — food courts, cafes, shopping. 2. **Phagwara Market** (~5km) — street food, shopping. 3. **Jalandhar city** (~25km) — malls, restaurants, cinema. 4. **Nurmahal Dargah** (religious tourism). 5. **Kapurthala** (~15km) — heritage sites. University buses/autos available to Phagwara.",Campus Life
What is the weather like in Phagwara where LPU is?,"Phagwara (LPU location) in Punjab has: **Summers (Apr–Jun)**: 35–45°C, hot and dry. **Monsoon (Jul–Sep)**: humid, moderate rainfall. **Winters (Nov–Feb)**: 5–15°C, foggy and cold. Students should pack accordingly — light cottons for summer, woolens and heavy jackets for winter. Central-heated and AC rooms available in premium hostel blocks.",Campus Life
